1.35872e-16 -4.81996e-17 -5.03957e-15
0.000985 -1.93356e-14 -2e-06
0.005912 -9.85405e-09 -9e-06
0.032511 -2.49245e-07 -5e-05
0.09656 -5.4517e-06 -0.000131
0.184772 -2.12415e-05 -0.000242809
0.320815 -6.2508e-05 -0.000361586
0.497813 -0.000133741 -0.000450322
0.689671 -0.000220456 -0.000444838
0.940735 -0.000329455 -0.000403526
1.19432 -0.000426294 -0.000330575
1.51 -0.000528165 -0.000309778
1.8188 -0.000622464 -0.000296175
2.20214 -0.000720357 -0.000194411
2.57668 -0.000762521 1.11137e-05
3.02285 -0.000692729 0.000360999
3.44245 -0.000481135 0.00073746
3.94156 -4.72729e-06 0.00120996
4.41012 0.000658282 0.00170457
4.96518 0.00178552 0.00244974
5.54654 0.00342502 0.00334733
6.08594 0.00542485 0.00415043
6.71576 0.00832243 0.00514587
7.29927 0.011577 0.00614513
7.9754 0.0160328 0.00704514
8.59649 0.0205443 0.00756261
9.31749 0.0262839 0.00846809
9.97028 0.0320133 0.009117
10.7217 0.0390536 0.00977614
11.4015 0.0460297 0.0110271
12.1723 0.055354 0.0138042
12.948 0.0674291 0.0179112
13.6277 0.0806832 0.0216067
14.3823 0.0983907 0.026017
15.0407 0.116867 0.0310063
15.7583 0.140985 0.0368876
16.3771 0.16515 0.0419362
17.041 0.194592 0.0473851
17.5956 0.221825 0.0512238
18.1781 0.252448 0.054264
18.6601 0.279063 0.0565154
19.1582 0.307681 0.0586513
19.6091 0.334448 0.060287
19.9766 0.356801 0.0615643
20.3544 0.380275 0.0629092
20.6573 0.399471 0.0640412
20.9645 0.419278 0.0650397
21.2089 0.435255 0.0657434
21.4469 0.450966 0.0663676
21.6298 0.463138 0.0668727
21.8037 0.474803 0.0673519
21.9313 0.483421 0.0677656
22.0437 0.491053 0.068163
22.1235 0.496504 0.068509
22.1699 0.499681 0.0688013
22.1921 0.501208 0.0690656
22.1916 0.501171 0.0692929
22.1942 0.50134 0.0695162
22.1952 0.501407 0.0697375
22.1963 0.501471 0.0699512
22.2033 0.501951 0.0701652
22.2482 0.505105 0.0704286
22.3222 0.510316 0.0707309
22.4464 0.519117 0.0710931
22.5934 0.52959 0.0715028
22.8019 0.544526 0.0719496
23.0659 0.563558 0.0723094
23.3491 0.584073 0.0726974
23.722 0.611259 0.0732519
24.1005 0.639108 0.0740388
24.5795 0.67496 0.0763238
25.0479 0.71148 0.0802911
25.6154 0.75834 0.0854016
26.1539 0.805468 0.0901983
26.7911 0.864598 0.0959251
27.3731 0.921848 0.101248
28.0451 0.991796 0.10725
28.723 1.06629 0.112475
29.3351 1.13645 0.116804
30.0332 1.21966 0.121172
30.6596 1.29638 0.123028
31.3707 1.38453 0.124288
32.0108 1.46454 0.124951
32.7501 1.55715 0.124211
33.4142 1.6387 0.119334
34.1772 1.72623 0.107123
34.8633 1.79452 0.0880717
35.6459 1.85248 0.0549615
36.4312 1.8808 0.0115699
37.1294 1.87498 -0.0342095
37.9102 1.8279 -0.0933479
38.5949 1.74638 -0.150723
39.352 1.60758 -0.219197
40.0134 1.4412 -0.280672
40.7385 1.20774 -0.34861
41.3744 0.958105 -0.404746
42.0749 0.637144 -0.458178
42.6851 0.321575 -0.50091
43.3506 -0.0615786 -0.548776
43.9938 -0.474224 -0.596811
44.5456 -0.864439 -0.6392
45.1465 -1.33173 -0.687822
45.659 -1.76927 -0.73018
46.2072 -2.28032 -0.774251
46.6767 -2.75425 -0.809372
47.1834 -3.30292 -0.843378
47.6173 -3.8021 -0.86979
48.0922 -4.37865 -0.895882
48.4967 -4.89386 -0.917006
48.9399 -5.48498 -0.940005
49.3641 -6.07855 -0.963616
49.7262 -6.61026 -0.984553
50.1218 -7.21888 -1.00661
50.4591 -7.76115 -1.024
50.8282 -8.37774 -1.04002
51.1488 -8.92996 -1.0512
51.4972 -9.54617 -1.06266
51.8012 -10.0959 -1.06879
52.1379 -10.709 -1.06747
52.4305 -11.237 -1.0619
52.7539 -11.8126 -1.05659
53.0677 -12.3668 -1.05678
53.337 -12.8467 -1.06593
53.6219 -13.3731 -1.08931
53.8525 -13.8286 -1.12262
54.0808 -14.3302 -1.17436
54.2519 -14.7685 -1.23311
54.4046 -15.2509 -1.30664
54.5039 -15.6663 -1.3779
54.5745 -16.1155 -1.46508
54.602 -16.5009 -1.54711
54.5952 -16.9243 -1.6391
54.5507 -17.3345 -1.73192
54.4796 -17.6906 -1.81743
54.3649 -18.0777 -1.91335
54.2309 -18.4142 -1.99996
54.0431 -18.7823 -2.09879
53.8424 -19.0983 -2.18886
53.5752 -19.4404 -2.29322
53.3109 -19.7177 -2.38591
52.9859 -19.9977 -2.48942
52.6712 -20.219 -2.58266
52.2907 -20.4336 -2.68834
51.8728 -20.6136 -2.79529
51.4691 -20.7412 -2.88938
50.9795 -20.844 -2.99185
50.5173 -20.8965 -3.07697
49.9687 -20.9103 3.1167
49.4598 -20.8815 3.04387
48.8682 -20.8047 2.97355
48.3236 -20.6992 2.9202
47.6945 -20.5431 2.87171
47.1246 -20.3767 2.83976
46.4719 -20.1657 2.81575
45.804 -19.9352 2.80067
45.2051 -19.7197 2.78893
44.5206 -19.4637 2.77604
43.9008 -19.2235 2.76533
43.1955 -18.9413 2.75426
42.5574 -18.678 2.74426
41.8333 -18.371 2.7357
41.1849 -18.0912 2.7317
40.4458 -17.7691 2.72841
39.7868 -17.4796 2.72612
39.0413 -17.1506 2.72524
38.2886 -16.8178 2.72468
37.62 -16.5217 2.72421
36.8722 -16.1901 2.72374
36.2203 -15.9006 2.72317
35.4963 -15.5787 2.72285
34.8643 -15.2974 2.72254
34.1641 -14.9855 2.72247
33.5524 -14.713 2.72231
32.8722 -14.4098 2.72229
32.2818 -14.1466 2.72219
31.6231 -13.8529 2.72235
30.9757 -13.5643 2.72255
30.4043 -13.3098 2.7228
29.7679 -13.0266 2.72385
29.2063 -12.7783 2.72861
28.5827 -12.5081 2.73925
28.0351 -12.2783 2.75207
27.4244 -12.0328 2.76999
26.8873 -11.828 2.78777
26.2914 -11.6139 2.80873
25.7685 -11.4377 2.82779
25.19 -11.2559 2.85008
24.6174 -11.0905 2.87504
24.1184 -10.9597 2.90049
23.5651 -10.8314 2.93164
23.0796 -10.7339 2.95986
22.534 -10.6414 2.99281
22.051 -10.5753 3.02341
21.5154 -10.5198 3.05883
21.051 -10.4875 3.09112
20.539 -10.4697 3.12781
20.09 -10.4697 -3.12211
19.612 -10.4863 -3.08657
19.1384 -10.5196 -3.05122
18.7316 -10.5617 -3.02068
18.2644 -10.6256 -2.98572
17.8465 -10.6969 -2.95509
17.368 -10.7941 -2.92287
16.9371 -10.895 -2.89645
16.4543 -11.0214 -2.87172
16.0234 -11.1444 -2.85251
15.5407 -11.2922 -2.83394
15.1143 -11.4302 -2.82127
14.6433 -11.5889 -2.80998
14.1871 -11.7481 -2.80009
13.8038 -11.8857 -2.79209
13.3921 -12.0373 -2.78377
13.0336 -12.1727 -2.77572
12.6486 -12.3217 -2.76708
12.3266 -12.4494 -2.75978
11.9825 -12.5887 -2.75226
11.6884 -12.7103 -2.74566
11.3634 -12.8473 -2.73861
11.077 -12.9701 -2.73323
10.7429 -13.1154 -2.72919
10.4036 -13.2642 -2.72746
10.098 -13.3984 -2.7275
9.74386 -13.5538 -2.72857
9.42358 -13.6939 -2.7299
9.06585 -13.8497 -2.73167
8.74652 -13.9881 -2.73309
8.38465 -14.1444 -2.73485
8.06686 -14.2809 -2.73725
7.71199 -14.4319 -2.74177
7.39713 -14.564 -2.74736
7.04904 -14.7076 -2.75422
6.70706 -14.8458 -2.76143
6.40873 -14.9639 -2.76885
6.07001 -15.0946 -2.77917
5.76724 -15.2079 -2.78928
5.41715 -15.3345 -2.80106
5.10014 -15.4452 -2.81152
4.73537 -15.568 -2.82356
4.40576 -15.6748 -2.83421
4.02747 -15.7927 -2.84624
3.68987 -15.8937 -2.85692
3.30532 -16.0039 -2.86911
2.92369 -16.1083 -2.88123
2.58376 -16.1972 -2.89197
2.19726 -16.2936 -2.90384
1.85102 -16.3759 -2.91378
1.46251 -16.464 -2.92427
1.11916 -16.5384 -2.93309
0.73488 -16.618 -2.94297
0.394409 -16.6852 -2.95156
0.0190899 -16.7558 -2.96101
-0.313375 -16.8153 -2.96885
-0.683465 -16.8785 -2.97707
-1.04564 -16.9373 -2.98482
-1.36303 -16.9866 -2.9911
-1.71833 -17.0394 -2.99734
-2.03221 -17.0844 -3.0019
-2.38005 -17.1326 -3.0064
-2.68488 -17.1736 -3.00987
-3.02334 -17.2179 -3.01303
-3.31936 -17.256 -3.01423
-3.65101 -17.2985 -3.01363
-3.94209 -17.3362 -3.01164
-4.26665 -17.3792 -3.00791
-4.55184 -17.4181 -3.0037
-4.86466 -17.4622 -2.99885
-5.17682 -17.5078 -2.99397
-5.45177 -17.5492 -2.98966
-5.75272 -17.5959 -2.98488
-6.01463 -17.6379 -2.98061
-6.30144 -17.6851 -2.97598
-6.55364 -17.7277 -2.97185
-6.83625 -17.7768 -2.96715
-7.08473 -17.8211 -2.96303
-7.36249 -17.8718 -2.95842
-7.63418 -17.9228 -2.95386
-7.87674 -17.9693 -2.94976
-8.14701 -18.0224 -2.94522
-8.38619 -18.0705 -2.94123
-8.65298 -18.1253 -2.9369
-8.89163 -18.1753 -2.93314
-9.16018 -18.2326 -2.92914
-9.39713 -18.2841 -2.9259
-9.66752 -18.3439 -2.92216
-9.90188 -18.3966 -2.91874
-10.162 -18.4561 -2.91406
-10.3821 -18.5076 -2.90987
-10.6231 -18.565 -2.90498
-10.8529 -18.6211 -2.89929
-11.0492 -18.6702 -2.8939
-11.2647 -18.7253 -2.888
-11.4502 -18.7739 -2.88364
-11.6549 -18.8283 -2.88073
-11.8319 -18.8756 -2.88052
-12.0252 -18.9272 -2.88337
-12.1949 -18.9717 -2.88885
-12.3793 -19.0186 -2.89874
-12.5364 -19.0568 -2.91047
-12.7083 -19.0961 -2.9257
-12.8748 -19.1315 -2.94252
-13.0206 -19.1599 -2.95804
-13.1805 -19.1885 -2.97396
-13.3206 -19.2115 -2.98697
-13.4793 -19.2353 -3.00095
-13.6208 -19.2546 -3.01285
-13.7815 -19.2746 -3.02565
-13.9226 -19.2904 -3.03668
-14.0804 -19.3061 -3.05125
-14.2155 -19.3174 -3.06877
-14.3663 -19.3269 -3.09367
-14.5258 -19.3326 -3.12313
-14.6782 -19.3335 3.12907
-14.8595 -19.3281 3.0888
-15.0307 -19.3161 3.04723
-15.2376 -19.2919 2.99695
-15.4406 -19.2579 2.94728
-15.6952 -19.2005 2.88455
-15.9374 -19.1301 2.82373
-16.2289 -19.0235 2.74932
-16.5411 -18.881 2.66728
-16.8276 -18.7214 2.58902
-17.157 -18.4989 2.49506
-17.4484 -18.261 2.40731
-17.7582 -17.9556 2.30837
-18.0128 -17.6537 2.22499
-18.2748 -17.2832 2.13841
-18.4826 -16.9321 2.06255
-18.6895 -16.5079 1.9778
-18.8456 -16.1106 1.90337
-18.9895 -15.6383 1.82198
-19.0881 -15.1998 1.75518
-19.1678 -14.6828 1.68642
-19.2148 -14.148 1.6256
-19.2313 -13.6561 1.57922
-19.2251 -13.0962 1.53799
-19.2017 -12.5873 1.51011
-19.1599 -12.0074 1.48679
-19.1126 -11.4942 1.46997
-19.0517 -10.9288 1.4579
-18.9951 -10.4396 1.4547
-18.9325 -9.89969 1.45835
-18.8811 -9.43151 1.46729
-18.8306 -8.91725 1.48222
-18.7899 -8.41626 1.50082
-18.7632 -7.99553 1.51685
-18.7419 -7.54536 1.53364
-18.73 -7.16664 1.54776
-18.723 -6.76026 1.56308
-18.7224 -6.3961 1.57922
-18.7295 -5.98897 1.60207
-18.7448 -5.61367 1.62572
-18.7741 -5.18078 1.65802
-18.8147 -4.7866 1.69682
-18.8825 -4.33516 1.75294
-18.9756 -3.89731 1.81836
-19.0851 -3.50937 1.88463
-19.2372 -3.08937 1.96339
-19.3922 -2.74395 2.03274
-19.5998 -2.3606 2.11245
-19.8133 -2.02875 2.18398
-20.0799 -1.67608 2.26296
-20.3441 -1.37601 2.33319
-20.6715 -1.05526 2.41006
-20.9757 -0.796352 2.47171
-21.3421 -0.522199 2.53623
-21.7171 -0.27718 2.5985
-22.0503 -0.0856909 2.64964
-22.4362 0.109853 2.70358
-22.7762 0.261718 2.74623
-23.1619 0.41487 2.78677
-23.5145 0.540482 2.8173
-23.937 0.676651 2.84713
-24.3322 0.792427 2.87046
-24.8043 0.919412 2.89083
-25.2531 1.03157 2.90628
-25.792 1.15762 2.92055
-26.3569 1.28228 2.9309
-26.8782 1.39279 2.93701
-27.4885 1.51897 2.94052
-28.0495 1.63371 2.94107
-28.6991 1.76681 2.93995
-29.291 1.88894 2.93812
-29.9733 2.03176 2.93356
-30.5873 2.16369 2.92777
-31.2837 2.31809 2.92048
-31.8961 2.45824 2.91427
-32.566 2.61628 2.90711
-33.2151 2.77421 2.90065
-33.7759 2.91349 2.89877
-34.3901 3.06584 2.90175
-34.9175 3.19409 2.90833
-35.4972 3.33008 2.91807
-36.0066 3.4443 2.92785
-36.5807 3.56681 2.93897
-37.0948 3.6705 2.95085
-37.6747 3.77905 2.96789
-38.1906 3.86574 2.98866
-38.767 3.94868 3.0148
-39.3487 4.01663 3.04206
-39.8737 4.06372 3.06904
-40.4771 4.09954 3.10326
-41.0234 4.11295 3.13925
-41.6419 4.10305 -3.09806
-42.1864 4.06945 -3.05209
-42.7996 3.99966 -2.99335
-43.3388 3.90607 -2.93484
-43.9309 3.76416 -2.86644
-44.444 3.60486 -2.80266
-45.0011 3.38866 -2.72787
-45.5272 3.13727 -2.65131
-45.9656 2.88713 -2.58246
-46.424 2.57934 -2.50613
-46.8013 2.28461 -2.43874
-47.1955 1.92876 -2.36349
-47.5149 1.59582 -2.29472
-47.8412 1.20134 -2.21652
-48.1063 0.827168 -2.14521
-48.3661 0.395068 -2.06706
-48.5645 0.00242351 -1.99818
-48.7548 -0.453964 -1.92108
-48.9095 -0.924438 -1.84375
-49.0155 -1.34923 -1.77474
-49.0998 -1.83777 -1.6965
-49.1416 -2.26529 -1.62821
-49.1537 -2.75377 -1.55106
-49.1323 -3.19368 -1.48115
-49.0714 -3.68663 -1.40282
-48.9824 -4.13073 -1.33108
-48.8429 -4.62728 -1.25145
-48.6819 -5.07197 -1.1849
-48.4585 -5.57828 -1.11658
-48.1934 -6.08755 -1.05747
-47.9228 -6.54705 -1.01285
-47.581 -7.07305 -0.969801
-47.2487 -7.543 -0.933965
-46.8477 -8.06755 -0.895118
-46.4654 -8.5308 -0.858956
-46.0099 -9.04068 -0.816844
-45.5794 -9.48484 -0.777503
-45.0668 -9.97069 -0.731888
-44.5811 -10.3919 -0.688767
-44.0053 -10.8456 -0.637262
-43.4016 -11.271 -0.580686
-42.8375 -11.6226 -0.523512
-42.1772 -11.9785 -0.454623
-41.562 -12.2587 -0.389405
-40.8442 -12.5257 -0.311006
-40.1954 -12.7128 -0.239322
-39.4443 -12.8686 -0.158984
-38.7603 -12.9573 -0.0884278
-37.9753 -13.0005 -0.0111551
-37.2706 -12.9884 0.0555061
-36.4693 -12.9196 0.123762
-35.6557 -12.7972 0.181248
-34.9334 -12.6519 0.221446
-34.1079 -12.452 0.25928
-33.371 -12.2465 0.290602
-32.5395 -11.9848 0.325225
-31.8009 -11.7253 0.356575
-30.9669 -11.4009 0.391169
-30.2257 -11.0843 0.421776
-29.4022 -10.7015 0.453684
-28.6755 -10.3377 0.479312
-27.8784 -9.91241 0.505707
-27.1191 -9.48242 0.529102
-26.473 -9.09803 0.548606
-25.7789 -8.666 0.568908
-25.1954 -8.28787 0.584783
-24.5719 -7.86954 0.600912
-24.0505 -7.50832 0.614228
-23.4994 -7.11562 0.626891
-23.0341 -6.77635 0.63584
-22.5255 -6.3988 0.643893
-22.0785 -6.06236 0.648145
-21.5723 -5.67966 0.647417
-21.0506 -5.28793 0.640893
-20.5702 -4.93369 0.62937
-20.0122 -4.53574 0.607899
-19.4858 -4.17827 0.583594
-18.8661 -3.78149 0.553979
-18.2958 -3.43871 0.526539
-17.6232 -3.06163 0.493535
-17.002 -2.73837 0.46418
-16.2806 -2.39134 0.430534
-15.6199 -2.09903 0.400147
-14.8571 -1.79106 0.365116
-14.07 -1.50524 0.328872
-13.3562 -1.27403 0.294267
-12.5298 -1.04097 0.252353
-11.7765 -0.860467 0.214788
-10.9028 -0.68772 0.172841
-10.1088 -0.562274 0.138053
-9.2003 -0.45187 0.101789
-8.37275 -0.378828 0.0725692
-7.41575 -0.322316 0.0448994
-6.54323 -0.291262 0.0259074
-5.54913 -0.273903 0.00932774
-4.54745 -0.27024 -0.00081102
-3.65302 -0.273819 -0.00673451
-2.63465 -0.283747 -0.011146
-1.71824 -0.294403 -0.0102453
-0.675908 -0.303822 -0.00596168
0.256382 -0.307799 -0.000526293
1.33084 -0.304448 0.00957728
2.29241 -0.291401 0.019776
3.3793 -0.265032 0.0309623
4.35639 -0.230799 0.0413939
5.47168 -0.179109 0.0534071
6.60763 -0.112728 0.0656042
7.63566 -0.0405776 0.0767119
8.80335 0.0548639 0.0884254
9.84658 0.151305 0.0973083
11.0166 0.268314 0.102907
12.0351 0.374779 0.106543
13.1252 0.492232 0.108711
14.0363 0.591595 0.109099
15.0024 0.696818 0.108132
15.8124 0.783812 0.106226
16.6655 0.873596 0.103953
17.461 0.95556 0.10175
18.144 1.02449 0.0998495
18.9022 1.09965 0.0985107
19.5763 1.16593 0.0981121
20.3433 1.24109 0.0978287
21.0332 1.3085 0.0975602
21.8168 1.38482 0.0972355
22.5235 1.45348 0.0968952
23.328 1.53096 0.0954051
24.0529 1.59957 0.0937173
24.8713 1.67543 0.0914075
25.6949 1.74933 0.0871952
26.4269 1.81124 0.0810817
27.2517 1.87518 0.0734097
27.9853 1.9267 0.066371
28.8068 1.97756 0.0565266
29.5372 2.01573 0.0473761
30.3501 2.05021 0.036636
31.0769 2.07325 0.0258282
31.898 2.08951 0.0128101
32.6345 2.09489 0.000667981
33.471 2.08944 -0.0155771
34.3089 2.06835 -0.0379706
35.0508 2.03155 -0.0651119
35.8825 1.96313 -0.103968
36.6107 1.87424 -0.144511
37.4132 1.73878 -0.196117
38.117 1.58287 -0.246093
38.8895 1.36711 -0.304761
39.5618 1.1385 -0.356632
40.2996 0.841784 -0.41326
40.9369 0.546417 -0.459018
41.629 0.185587 -0.506656
42.2953 -0.202833 -0.553451
42.8639 -0.568669 -0.594439
43.4754 -1.0006 -0.639967
43.9964 -1.40305 -0.679787
44.5551 -1.87362 -0.724655
45.028 -2.30738 -0.764369
45.5259 -2.80444 -0.809631
45.9462 -3.26189 -0.850276
46.3866 -3.78421 -0.894327
46.7533 -4.25707 -0.931906
47.1424 -4.80151 -0.971679
47.507 -5.35364 -1.00453
47.8119 -5.84511 -1.02831
48.1399 -6.40201 -1.05029
48.4187 -6.89826 -1.06919
48.7186 -7.45778 -1.09007
48.9726 -7.95373 -1.10539
49.2478 -8.50942 -1.11662
49.4841 -8.99726 -1.12211
49.7452 -9.54088 -1.12263
49.9752 -10.018 -1.11916
50.232 -10.545 -1.11448
50.4876 -11.0633 -1.10977
50.7127 -11.5144 -1.10544
50.9665 -12.0174 -1.10037
51.1913 -12.4575 -1.09569
51.4423 -12.9429 -1.09031
51.6655 -13.3689 -1.08482
51.9171 -13.8422 -1.07838
52.1455 -14.2655 -1.07231
52.4147 -14.7563 -1.06456
52.667 -15.2078 -1.05642
52.9675 -15.7342 -1.046
53.2834 -16.2736 -1.03422
53.5773 -16.7624 -1.02263
53.9282 -17.3285 -1.00661
54.2556 -17.8376 -0.98869
54.6435 -18.413 -0.962116
55.0046 -18.9171 -0.930799
55.4321 -19.4693 -0.886291
55.8257 -19.9328 -0.840467
56.2896 -20.425 -0.780827
56.7158 -20.826 -0.719989
57.2158 -21.2368 -0.645961
57.7391 -21.6044 -0.569217
58.2274 -21.896 -0.497718
58.7919 -22.177 -0.416186
59.3156 -22.3888 -0.342901
59.9213 -22.5806 -0.260998
60.4785 -22.7105 -0.187824
61.1235 -22.8087 -0.105037
61.7066 -22.8515 -0.0322718
62.366 -22.8494 0.0478582
62.9624 -22.802 0.120362
63.6238 -22.6982 0.199699
64.2852 -22.5407 0.276655
64.8589 -22.3599 0.342014
65.5065 -22.1058 0.413982
66.0634 -21.8431 0.475809
66.6799 -21.5019 0.542576
67.2214 -21.1573 0.597552
67.8212 -20.7277 0.650426
68.3487 -20.3115 0.69086
68.9337 -19.8092 0.733461
69.4393 -19.3396 0.768795
69.9867 -18.7935 0.804145
70.4954 -18.2513 0.834861
70.9028 -17.7922 0.859364
71.3122 -17.3077 0.88287
71.6382 -16.9051 0.901034
71.9651 -16.4862 0.919073
72.2265 -16.1395 0.934037
72.4871 -15.783 0.948497
72.6902 -15.4974 0.959873
72.8863 -15.215 0.97097
73.0373 -14.9929 0.979905
73.1776 -14.7826 0.988228
73.2917 -14.6087 0.99531
73.3763 -14.478 1.00108
73.4512 -14.3609 1.0064
73.5002 -14.2834 1.01048
73.5348 -14.2284 1.01391
73.5483 -14.2069 1.01634
73.548 -14.2077 1.01812
73.5492 -14.2059 1.01997
73.5494 -14.2058 1.02178
73.5501 -14.2048 1.0236
73.5612 -14.1867 1.02592
73.5866 -14.145 1.02884
73.6332 -14.0676 1.03248
73.6901 -13.9724 1.036
73.7724 -13.8333 1.03958
73.8661 -13.6738 1.04264
73.9977 -13.4483 1.04521
74.138 -13.2068 1.04664
74.3207 -12.8916 1.0457
74.5311 -12.5309 1.04148
74.7432 -12.171 1.03628
75.011 -11.723 1.02932
75.2733 -11.2909 1.02281
75.5953 -10.769 1.01471
75.9061 -10.2733 1.00854
76.281 -9.68338 1.00299
76.6339 -9.13393 0.998105
77.0537 -8.48988 0.989173
77.4487 -7.89637 0.979407
77.9102 -7.21875 0.967661
78.3847 -6.53955 0.955739
78.8194 -5.93189 0.945161
79.3189 -5.25043 0.932822
79.7753 -4.6422 0.923477
80.2994 -3.95523 0.918263
80.7697 -3.34086 0.921329
81.2796 -2.66573 0.931632
81.6975 -2.09919 0.943922
82.1175 -1.51391 0.957771
82.4505 -1.03676 0.970491
82.7882 -0.538096 0.986197
83.0681 -0.109613 1.00521
83.3569 0.355768 1.03463
83.6173 0.810172 1.07748
83.8277 1.22054 1.12849
84.029 1.67735 1.1965
84.1787 2.09087 1.26346
84.3116 2.56333 1.34405
84.3951 2.98466 1.42189
84.4464 3.4466 1.51518
84.4544 3.83383 1.60119
84.4252 4.24921 1.6971
84.3653 4.6156 1.78531
84.2632 5.00805 1.88132
84.1256 5.38453 1.97632
83.9793 5.6963 2.05879
83.7915 6.02051 2.14799
83.5993 6.29556 2.22841
83.3557 6.58748 2.31892
83.1202 6.82513 2.39915
82.8351 7.06783 2.48824
82.5805 7.25064 2.56374
82.2738 7.43542 2.64916
81.9875 7.57764 2.72597
81.6502 7.71214 2.81224
81.2806 7.82309 2.90093
80.9191 7.89936 2.97869
80.4768 7.95648 3.05814
80.0434 7.98085 3.12274
79.5245 7.97668 -3.09816
79.035 7.94583 -3.05158
78.4586 7.88382 -3.01104
77.9246 7.80765 -2.98301
77.301 7.70203 -2.95985
76.7322 7.59468 -2.94645
76.078 7.46398 -2.93853
75.4008 7.32394 -2.93354
74.7914 7.19617 -2.93379
74.0906 7.05077 -2.93742
73.4562 6.92132 -2.94073
72.7307 6.77674 -2.94666
72.0751 6.65002 -2.95262
71.3203 6.50971 -2.961
70.6389 6.38857 -2.96857
69.863 6.25731 -2.97784
69.1599 6.14463 -2.98592
68.3532 6.02271 -2.99575
67.5275 5.90611 -3.00516
66.7766 5.8065 -3.01291
65.9174 5.69962 -3.02111
65.1394 5.60837 -3.02711
64.2512 5.50975 -3.03347
63.4506 5.42538 -3.03856
62.5364 5.33404 -3.04412
61.7148 5.25587 -3.04808
60.7769 5.17065 -3.05262
59.9347 5.09747 -3.05567
58.9809 5.0166 -3.05624
58.0484 4.93738 -3.05569
57.2283 4.86705 -3.05429
56.3176 4.78667 -3.05058
55.524 4.71352 -3.0468
54.6427 4.62892 -3.04295
53.8756 4.55229 -3.03906
53.0258 4.464 -3.03524
52.2864 4.38468 -3.03245
51.4568 4.29345 -3.03009
50.7374 4.2131 -3.02946
49.9408 4.12455 -3.03114
49.1557 4.03863 -3.03273
48.4736 3.96495 -3.03412
47.7128 3.88422 -3.03667
47.0508 3.81581 -3.03975
46.2958 3.74051 -3.04363
45.6054 3.6743 -3.04766
44.7979 3.60081 -3.05323
44.0483 3.53664 -3.05844
43.1519 3.46532 -3.06519
42.3117 3.40381 -3.07118
41.3179 3.33748 -3.07786
40.2766 3.27473 -3.08385
39.3237 3.22209 -3.08756
38.2314 3.16522 -3.09022
37.2569 3.11666 -3.09186
36.173 3.06355 -3.09151
35.2347 3.01685 -3.09097
34.2132 2.96632 -3.0917
33.3247 2.92252 -3.09109
32.347 2.87389 -3.09103
31.4929 2.83128 -3.09034
30.5417 2.78268 -3.08866
29.6106 2.73387 -3.08799
28.8054 2.69143 -3.0877
27.9224 2.64466 -3.08794
27.162 2.60575 -3.09214
26.3349 2.56864 -3.10035
25.6224 2.54245 -3.10802
24.8482 2.52034 -3.11638
24.184 2.50617 -3.12241
23.4689 2.49564 -3.12989
22.8667 2.49128 -3.13731
22.2115 2.49199 3.13681
21.5801 2.49828 3.12826
21.0313 2.50805 3.12152
20.4233 2.52286 3.11546
19.8957 2.53836 3.11159
19.3172 2.55749 3.1085
18.8137 2.57514 3.1079
18.2592 2.59477 3.10785
17.779 2.61144 3.10983
17.2542 2.62797 3.11481
16.7947 2.63962 3.12263
16.2867 2.64748 3.13534
15.7895 2.64763 -3.12921
15.3573 2.63912 -3.10756
14.8737 2.61741 -3.07787
14.4406 2.58449 -3.04469
13.9652 2.53009 -3.00035
13.5529 2.46376 -2.95284
13.1016 2.36652 -2.89496
12.7076 2.25818 -2.83992
12.2724 2.10976 -2.7734
11.9035 1.95689 -2.71118
11.5047 1.75933 -2.63877
11.1244 1.5346 -2.56271
10.7998 1.30874 -2.48942
10.4613 1.03057 -2.40167
10.1876 0.76366 -2.3196
9.90912 0.439564 -2.22503
9.6886 0.129963 -2.13728
9.47324 -0.242207 -2.0362
9.31272 -0.594158 -1.94385
9.16871 -1.01602 -1.83803
9.07751 -1.40916 -1.74162
9.02014 -1.86417 -1.63302
9.01262 -2.33084 -1.52278
9.04974 -2.74829 -1.4233
9.14322 -3.22119 -1.30947
9.27015 -3.62754 -1.20807
9.4658 -4.07627 -1.09271
9.68995 -4.46702 -0.989981
10.0142 -4.91259 -0.876932
10.3669 -5.30276 -0.779191
10.8306 -5.72382 -0.68198
11.2993 -6.07967 -0.603747
11.882 -6.45466 -0.529756
12.5184 -6.80591 -0.469702
13.1185 -7.09795 -0.428525
13.8273 -7.41116 -0.397707
14.485 -7.68296 -0.380905
15.2463 -7.98586 -0.372332
15.9391 -8.25764 -0.371881
16.7309 -8.57081 -0.378389
17.4481 -8.86037 -0.385688
18.2677 -9.19916 -0.395085
19.0006 -9.50969 -0.403482
19.8346 -9.87264 -0.414396
20.6791 -10.2508 -0.424052
21.4422 -10.5997 -0.430452
22.3104 -11.0038 -0.437157
23.0931 -11.3731 -0.440807
23.9736 -11.7927 -0.445264
24.7574 -12.1698 -0.447735
25.6367 -12.5953 -0.450276
26.4143 -12.9739 -0.452403
27.2888 -13.4021 -0.454767
28.0639 -13.7837 -0.456931
28.9333 -14.2148 -0.460591
29.8058 -14.6511 -0.463451
30.5804 -15.0407 -0.465099
31.4525 -15.4796 -0.462625
32.2247 -15.8629 -0.453364
33.0857 -16.2772 -0.436753
33.8441 -16.6241 -0.413902
34.6866 -16.9821 -0.382419
35.4063 -17.2642 -0.361223
36.2158 -17.5678 -0.354425
36.9361 -17.8357 -0.355288
37.7428 -18.1386 -0.361357
38.5449 -18.4469 -0.370465
39.254 -18.7266 -0.378911
40.0434 -19.0469 -0.390436
40.7313 -19.3351 -0.400807
41.4675 -19.6525 -0.411044
42.0878 -19.9267 -0.418853
42.7555 -20.2284 -0.427668
43.3473 -20.5016 -0.434579
44.0056 -20.8112 -0.441741
44.5854 -21.0882 -0.446502
45.2405 -21.4037 -0.4463
45.8887 -21.7126 -0.437175
46.4708 -21.981 -0.419156
47.1281 -22.2643 -0.383897
47.7191 -22.4909 -0.336634
48.3911 -22.706 -0.268173
48.9974 -22.8522 -0.188021
49.662 -22.9503 -0.0897883
50.248 -22.981 0.00249761
50.8747 -22.9496 0.117781
51.38 -22.8668 0.226854
51.8679 -22.7283 0.344018
52.301 -22.5501 0.453273
52.6325 -22.3733 0.542176
52.9616 -22.1571 0.635261
53.2196 -21.9539 0.714063
53.4843 -21.7072 0.800298
53.7017 -21.4686 0.878102
53.933 -21.1674 0.968584
54.1202 -20.8741 1.05198
54.3042 -20.5199 1.14661
54.4398 -20.189 1.23207
54.5617 -19.7909 1.33046
54.6455 -19.3746 1.42882
54.687 -18.9832 1.51541
54.6942 -18.5142 1.60753
54.663 -18.0649 1.68468
54.5858 -17.5413 1.75904
54.4789 -17.0459 1.817
54.3198 -16.4712 1.87181
54.1466 -15.9428 1.90971
53.9212 -15.3297 1.94158
53.6977 -14.7678 1.96205
53.4269 -14.1223 1.97758
53.1389 -13.46 1.98908
52.867 -12.8558 2.00395
52.5457 -12.1741 2.02398
52.244 -11.5651 2.04232
51.8893 -10.8819 2.06125
51.5621 -10.278 2.07775
51.1887 -9.61605 2.09487
50.866 -9.06354 2.10685
50.5186 -8.48234 2.11457
50.2268 -8.00098 2.11915
49.92 -7.49853 2.12001
49.6359 -7.03233 2.11704
49.4001 -6.64228 2.11288
49.1494 -6.22234 2.10512
48.933 -5.8523 2.09373
48.6956 -5.43168 2.07344
48.4939 -5.05503 2.0487
48.2767 -4.61875 2.01366
48.0947 -4.21799 1.9756
47.911 -3.75986 1.92184
47.7711 -3.34679 1.86604
47.6416 -2.86662 1.79376
47.5482 -2.36998 1.70908
47.5029 -1.92506 1.62423
47.4991 -1.42131 1.52023
47.541 -0.972944 1.42273
47.6418 -0.470289 1.31048
47.7812 -0.0269573 1.20875
47.9926 0.455398 1.09418
48.232 0.873586 0.997174
48.5576 1.33137 0.899796
48.888 1.72037 0.826145
49.2959 2.13481 0.753446
49.7238 2.51235 0.6841
50.1148 2.81367 0.61907
50.562 3.10866 0.534945
50.974 3.33319 0.450664
51.454 3.53985 0.350543
51.9038 3.68471 0.261592
52.4299 3.80116 0.163289
52.9098 3.86207 0.0798507
53.4641 3.88569 -0.000697451
53.9717 3.8719 -0.0581395
54.5564 3.8249 -0.102939
55.1486 3.75654 -0.126213
55.6812 3.68639 -0.134866
56.2947 3.60319 -0.131752
56.838 3.53361 -0.119852
57.4518 3.46514 -0.0978717
58.0059 3.41703 -0.0702454
58.6284 3.38284 -0.0345363
59.1881 3.3716 -0.000592139
59.8211 3.38182 0.0375634
60.3879 3.41109 0.070014
61.0325 3.46627 0.105173
61.6816 3.54479 0.13983
62.263 3.63428 0.169773
62.9217 3.75665 0.20102
63.5072 3.88223 0.224159
64.1726 4.04011 0.243161
64.7671 4.1906 0.253545
65.4422 4.36748 0.259708
66.0453 4.52879 0.263924
66.725 4.71322 0.266656
67.3347 4.88017 0.268689
68.0203 5.06915 0.269487
68.7113 5.25951 0.268586
69.3301 5.42931 0.267507
70.0345 5.62161 0.266011
70.6659 5.79305 0.264609
71.3829 5.98633 0.262321
72.0292 6.15888 0.259804
72.7587 6.35139 0.256247
73.4171 6.52264 0.252933
74.1639 6.71404 0.248873
74.8317 6.88211 0.244104
75.5876 7.06803 0.238124
76.2648 7.23052 0.232922
77.0278 7.40918 0.227107
77.7937 7.58381 0.221303
78.4817 7.73691 0.216837
79.2585 7.90617 0.212922
79.9558 8.05608 0.21113
80.7386 8.22279 0.20892
81.4373 8.36987 0.206532
82.2251 8.534 0.204759
82.9243 8.67779 0.200752
83.7143 8.83654 0.196362
84.4035 8.97174 0.190196
85.1757 9.11599 0.177382
85.9443 9.24719 0.158548
86.6396 9.35174 0.137626
87.4238 9.45049 0.109565
88.1279 9.51873 0.0800081
88.9301 9.56914 0.0408284
89.6543 9.58605 0.00107711
90.4646 9.56967 -0.0461442
91.1944 9.52225 -0.0879711
92.0205 9.43183 -0.134335
92.8521 9.30255 -0.177197
93.576 9.16153 -0.210508
94.3841 8.976 -0.242192
95.0924 8.79421 -0.259992
95.8786 8.58092 -0.268727
96.5648 8.39025 -0.272871
97.3367 8.17421 -0.270271
97.999 7.99184 -0.266832
98.7425 7.78853 -0.265924
99.4005 7.60987 -0.263376
100.143 7.40942 -0.264362
100.799 7.22961 -0.273049
101.53 7.01879 -0.290384
102.271 6.79026 -0.309224
102.927 6.57522 -0.325178
103.669 6.31859 -0.342601
104.33 6.07769 -0.357046
105.068 5.79692 -0.370151
105.72 5.54083 -0.377238
106.44 5.25382 -0.381766
107.071 4.9992 -0.384942
107.771 4.71464 -0.385689
108.468 4.43158 -0.38512
109.083 4.18237 -0.383607
109.773 3.90465 -0.381569
110.384 3.65994 -0.37899
111.073 3.38709 -0.372842
111.685 3.15031 -0.36295
112.369 2.89603 -0.344938
112.982 2.68125 -0.32651
113.679 2.4524 -0.304171
114.3 2.26348 -0.284199
115.006 2.06404 -0.26364
115.639 1.89767 -0.248828
116.35 1.72189 -0.233448
117.067 1.55621 -0.218969
117.713 1.41586 -0.206477
118.443 1.26748 -0.192894
119.107 1.14085 -0.181824
119.873 1.00475 -0.167661
120.559 0.892127 -0.155774
121.35 0.772409 -0.143069
122.058 0.673661 -0.132013
122.868 0.570263 -0.120027
123.593 0.485867 -0.110208
124.408 0.398928 -0.100958
125.219 0.319598 -0.0922499
125.934 0.25564 -0.0848896
126.735 0.189565 -0.0785255
127.444 0.135192 -0.0733298
128.237 0.0785355 -0.068218
128.944 0.0312033 -0.0644648
129.734 -0.0187679 -0.0607209
130.431 -0.060402 -0.0575348
131.214 -0.104457 -0.053626
131.902 -0.140585 -0.0502569
132.669 -0.178238 -0.0466129
133.431 -0.212723 -0.0426039
134.111 -0.240812 -0.0387815
134.877 -0.269467 -0.035004
135.56 -0.292591 -0.03139
136.33 -0.315436 -0.0267211
137.019 -0.332753 -0.0220362
137.799 -0.347873 -0.014681
138.491 -0.355636 -0.00572262
139.272 -0.356676 0.00495043
139.97 -0.350441 0.0150208
140.754 -0.334894 0.0266221
141.545 -0.309964 0.0385376
142.245 -0.279972 0.0491154
143.036 -0.237181 0.0609537
143.737 -0.191413 0.0714996
144.52 -0.131465 0.0834666
145.215 -0.0701699 0.0943235
145.984 0.00624107 0.10573
146.662 0.0809854 0.115976
147.416 0.172406 0.127312
148.081 0.260331 0.137302
148.825 0.366576 0.148315
149.562 0.479966 0.158875
150.212 0.586579 0.168373
150.943 0.713921 0.178378
151.597 0.834241 0.187257
152.336 0.977401 0.196864
153.004 1.11294 0.205267
153.761 1.2732 0.213443
154.442 1.42253 0.21937
155.219 1.59767 0.225003
155.914 1.75773 0.228838
156.702 1.94219 0.232103
157.495 2.13049 0.23514
158.203 2.30061 0.237133
159.003 2.49439 0.239181
159.714 2.6682 0.241292
160.516 2.86604 0.243594
161.228 3.04362 0.246121
162.033 3.24673 0.249456
162.752 3.43092 0.253071
163.561 3.64121 0.257138
164.281 3.83239 0.264301
165.084 4.05444 0.278583
165.873 4.28864 0.305014
166.567 4.51897 0.343645
167.297 4.79869 0.395315
167.896 5.0628 0.442886
168.493 5.36191 0.491607
168.953 5.61788 0.529988
169.411 5.89663 0.569433
169.782 6.14192 0.602573
170.186 6.42952 0.639618
170.545 6.70468 0.674222
170.945 7.03603 0.714434
171.345 7.39573 0.756138
171.698 7.7404 0.794464
172.089 8.15355 0.838323
172.434 8.55113 0.878958
172.813 9.02728 0.92527
173.14 9.47772 0.966547
173.498 10.0207 1.01309
173.804 10.5304 1.0513
174.138 11.1384 1.09075
174.422 11.7029 1.12399
174.728 12.3657 1.15687
175.018 13.0489 1.18558
175.259 13.6598 1.20774
175.518 14.365 1.23185
175.732 14.9884 1.25133
175.954 15.6786 1.27171
176.136 16.2844 1.2899
176.323 16.954 1.31119
176.47 17.5247 1.32964
176.62 18.1544 1.34773
176.738 18.6891 1.35811
176.865 19.2787 1.36084
176.991 19.8665 1.35788
177.107 20.3959 1.35156
177.246 21.0022 1.33962
177.377 21.544 1.32568
177.537 22.1634 1.31099
177.684 22.7076 1.29988
177.857 23.316 1.28751
178.015 23.8457 1.27687
178.193 24.4217 1.265
178.351 24.916 1.25521
178.53 25.4552 1.24573
178.706 25.9705 1.23878
178.859 26.4113 1.23516
179.025 26.8843 1.23522
179.163 27.2813 1.23884
179.307 27.7046 1.24627
179.427 28.0648 1.2559
179.554 28.46 1.26935
179.661 28.8135 1.28402
179.777 29.218 1.30383
179.873 29.5793 1.32541
179.971 29.992 1.35439
180.057 30.413 1.38737
180.121 30.7844 1.419
180.179 31.2095 1.45709
180.217 31.5937 1.49365
180.243 32.0315 1.53576
180.25 32.4155 1.57297
180.242 32.8368 1.61383
180.22 33.203 1.64966
180.184 33.5882 1.68735
180.141 33.9108 1.71929
180.085 34.2551 1.7537
180.019 34.5839 1.78695
179.951 34.8759 1.8169
179.865 35.2005 1.85039
179.777 35.4922 1.88084
179.668 35.8157 1.91485
179.567 36.0873 1.94396
179.451 36.3716 1.97409
179.348 36.608 1.99708
179.226 36.8694 2.02046
179.114 37.0954 2.03998
178.975 37.3636 2.06063
178.818 37.6521 2.0803
178.664 37.9248 2.09661
178.472 38.2496 2.11262
178.29 38.5482 2.12572
178.075 38.8908 2.13986
177.875 39.1995 2.15255
177.651 39.5362 2.16736
177.467 39.8048 2.18042
177.28 40.0694 2.19355
177.132 40.2734 2.20405
176.99 40.4645 2.21402
176.871 40.6223 2.22273
176.781 40.7399 2.2299
176.68 40.8693 2.23827
176.585 40.9897 2.24686
176.468 41.1338 2.25821
176.359 41.2656 2.27033
176.23 41.4171 2.28605
176.109 41.5546 2.30166
175.966 41.7109 2.32066
175.837 41.8479 2.33866
175.684 42.0031 2.36001
175.522 42.1605 2.38342
175.369 42.3031 2.4071
175.186 42.4646 2.43636
175.011 42.6094 2.46476
174.806 42.7695 2.49808
174.611 42.9117 2.52969
174.385 43.0654 2.56553
174.175 43.1973 2.5981
173.933 43.3387 2.63504
173.712 43.4573 2.66817
173.454 43.5839 2.70591
173.19 43.7016 2.74398
172.949 43.7987 2.77835
172.671 43.8993 2.81734
172.422 43.9788 2.85175
172.139 44.058 2.89035
171.88 44.1204 2.92545
171.583 44.1804 2.96527
171.317 44.2237 3.0007
171.016 44.2611 3.0404
170.742 44.2847 3.07596
170.434 44.2999 3.11267
170.119 44.3044 -3.13728
169.82 44.2995 -3.10874
169.473 44.2835 -3.07883
169.157 44.2603 -3.05381
168.789 44.2235 -3.02617
168.449 44.1804 -3.00026
168.075 44.1225 -2.972
167.74 44.0615 -2.94705
167.353 43.9804 -2.91917
167.004 43.8979 -2.89584
166.593 43.7899 -2.87027
166.17 43.6672 -2.84495
165.788 43.5467 -2.82272
165.349 43.3966 -2.79897
164.947 43.2495 -2.77874
164.486 43.0693 -2.7561
164.076 42.899 -2.73597
163.619 42.6978 -2.7136
163.214 42.5086 -2.6934
162.758 42.2841 -2.67082
162.355 42.0751 -2.65112
161.901 41.8271 -2.62962
161.451 41.5692 -2.60889
161.048 41.3273 -2.59061
160.602 41.0479 -2.57045
160.205 40.7887 -2.55214
159.762 40.4869 -2.53162
159.368 40.2068 -2.51322
158.928 39.8818 -2.49356
158.542 39.5852 -2.47716
158.108 39.2403 -2.45943
157.726 38.9259 -2.44373
157.296 38.5596 -2.42578
156.866 38.1795 -2.40662
156.485 37.8298 -2.38912
156.057 37.4229 -2.37082
155.67 37.0418 -2.3543
155.234 36.5976 -2.33592
154.845 36.1873 -2.32137
154.403 35.7085 -2.30911
154.011 35.2749 -2.30179
153.569 34.7806 -2.29727
153.17 34.3313 -2.29436
152.723 33.8239 -2.2914
152.269 33.3068 -2.28868
151.865 32.8435 -2.28642
151.411 32.3202 -2.28385
151.004 31.8494 -2.28086
150.546 31.3152 -2.27753
150.141 30.8404 -2.27451
149.682 30.2983 -2.27109
149.275 29.8137 -2.26745
148.819 29.2672 -2.263
148.41 28.7729 -2.25729
147.955 28.2139 -2.24961
147.501 27.6467 -2.24042
147.098 27.135 -2.23218
146.655 26.5613 -2.22423
146.268 26.0535 -2.21763
145.84 25.4832 -2.21059
145.469 24.9825 -2.20441
145.069 24.4356 -2.19747
144.727 23.9612 -2.19109
144.357 23.44 -2.18419
144.041 22.9892 -2.17803
143.699 22.494 -2.17107
143.367 22.0071 -2.16416
143.08 21.5793 -2.15778
142.768 21.1066 -2.15084
142.493 20.6851 -2.14463
142.189 20.212 -2.13821
141.923 19.7939 -2.13271
141.631 19.3283 -2.1288
141.372 18.913 -2.12693
141.082 18.4458 -2.12618
140.825 18.0326 -2.12633
140.541 17.5756 -2.12761
140.263 17.1304 -2.13067
140.019 16.7435 -2.13417
139.741 16.3062 -2.14027
139.488 15.9147 -2.14942
139.198 15.4773 -2.16436
138.936 15.0948 -2.17987
138.632 14.6665 -2.19863
138.349 14.2832 -2.21624
138.015 13.8484 -2.2366
137.704 13.4597 -2.25491
137.345 13.0274 -2.27629
136.959 12.5837 -2.29879
136.595 12.1831 -2.31929
136.168 11.7339 -2.34235
135.769 11.331 -2.36303
135.295 10.8737 -2.38686
134.863 10.4756 -2.40785
134.358 10.0295 -2.43153
133.894 9.6387 -2.45204
133.36 9.20765 -2.4744
132.881 8.83694 -2.49394
132.34 8.43647 -2.51576
131.804 8.05668 -2.53705
131.329 7.73454 -2.55542
130.797 7.38865 -2.57582
130.325 7.09394 -2.59361
129.797 6.7783 -2.6133
129.329 6.51027 -2.63002
128.803 6.22023 -2.64806
128.338 5.97473 -2.66339
127.819 5.71058 -2.68011
127.36 5.48628 -2.69495
126.838 5.24137 -2.71246
126.37 5.03108 -2.72861
125.836 4.80273 -2.74797
125.293 4.58304 -2.76833
124.795 4.39317 -2.78758
124.22 4.18725 -2.8103
123.691 4.01091 -2.83121
123.073 3.82032 -2.85626
122.509 3.66113 -2.87922
121.864 3.49627 -2.90617
121.273 3.36144 -2.93085
120.595 3.22552 -2.95924
119.981 3.11952 -2.98475
119.28 3.01803 -3.01354
118.576 2.9367 -3.0424
117.951 2.88155 -3.0673
117.259 2.8386 -3.09466
116.653 2.81655 -3.11803
115.981 2.80837 3.14006
115.399 2.81502 3.1178
114.762 2.83743 3.09277
114.207 2.86994 3.07104
113.596 2.91996 3.04656
113.061 2.97602 3.02555
112.473 3.05086 3.00218
111.898 3.1376 2.98002
111.385 3.22584 2.96017
110.81 3.33761 2.93712
110.307 3.44657 2.91791
109.747 3.57949 2.89713
109.251 3.70781 2.87876
108.694 3.86305 2.85835
108.195 4.01278 2.83992
107.631 4.19443 2.81902
107.127 4.36706 2.80294
106.565 4.56973 2.78787
106.005 4.78025 2.77546
105.507 4.97354 2.76791
104.953 5.1929 2.76094
104.457 5.39271 2.7569
103.894 5.62162 2.75405
103.389 5.82847 2.75216
102.812 6.06576 2.75099
102.292 6.28043 2.75051
101.696 6.52642 2.75035
101.162 6.74647 2.75185
100.556 6.99505 2.75403
99.9386 7.24631 2.75691
99.384 7.46987 2.76143
98.7524 7.71992 2.76988
98.1889 7.93712 2.77981
97.5661 8.16901 2.79285
97.0101 8.36777 2.80645
96.3805 8.5817 2.82463
95.8286 8.75838 2.84203
95.2119 8.94251 2.86461
94.6605 9.09342 2.88861
94.0481 9.24306 2.92049
93.4401 9.36953 2.95815
92.9088 9.45995 2.993
92.2941 9.54098 3.03324
91.7532 9.59153 3.06875
91.1383 9.6255 3.10945
90.5799 9.63453 -3.1364
89.9539 9.62004 -3.09549
89.3891 9.58551 -3.06133
88.7484 9.5247 -3.02949
88.1706 9.45359 -3.00573
87.5083 9.35637 -2.98396
86.8399 9.24612 -2.97237
86.2301 9.14137 -2.96998
85.5204 9.01818 -2.9689
84.8828 8.90761 -2.97069
84.1417 8.78091 -2.97344
83.4843 8.6704 -2.97619
82.7369 8.54683 -2.97869
82.0682 8.43791 -2.98124
81.3165 8.31744 -2.98336
80.6539 8.21241 -2.98493
79.9123 8.09619 -2.9867
79.1839 7.98322 -2.98807
78.5406 7.88399 -2.98803
77.8227 7.77287 -2.98715
77.1835 7.67323 -2.98585
76.4617 7.55981 -2.98475
75.8107 7.4568 -2.9836
75.0706 7.33873 -2.98234
74.4047 7.2317 -2.98122
73.6523 7.11005 -2.98071
72.9766 7.00062 -2.98062
72.2073 6.8761 -2.98088
71.434 6.75121 -2.98124
70.7386 6.6391 -2.98159
69.9499 6.51234 -2.9822
69.2466 6.39976 -2.98275
68.4445 6.27183 -2.98315
67.7222 6.15664 -2.98288
66.9066 6.02643 -2.98286
66.1782 5.91014 -2.98287
65.3533 5.77837 -2.98267
64.6156 5.66039 -2.98244
63.7894 5.52808 -2.98231
62.9766 5.39809 -2.98306
62.2667 5.28529 -2.98422
61.4851 5.1625 -2.98693
60.7959 5.05625 -2.98973
60.0181 4.93854 -2.99199
59.3198 4.834 -2.99319
58.5394 4.71837 -2.99497
57.843 4.61624 -2.99592
57.0535 4.50106 -2.99646
56.3565 4.39962 -2.99668
55.5801 4.28697 -2.99729
54.8093 4.17559 -2.99777
54.1311 4.07782 -2.99803
53.3676 3.96806 -2.99856
52.6869 3.87053 -2.99893
51.9105 3.75962 -2.99941
51.2109 3.66008 -3.00019
50.4164 3.5481 -3.00214
49.6976 3.44812 -3.00365
48.8797 3.33573 -3.00546
48.1495 3.23668 -3.00735
47.3327 3.12816 -3.0113
46.5178 3.02329 -3.01521
45.7971 2.9333 -3.01918
44.9839 2.83571 -3.02453
44.2629 2.75279 -3.02924
43.4441 2.66295 -3.03493
42.7162 2.587 -3.03988
41.8942 2.50568 -3.04555
41.1592 2.43688 -3.05047
40.3259 2.36309 -3.05527
39.5808 2.3003 -3.0593
38.7344 2.23284 -3.06438
37.8884 2.16967 -3.06906
37.1279 2.11602 -3.07269
36.2742 2.05915 -3.07689
35.5139 2.01153 -3.08068
34.6609 1.96159 -3.08502
33.8986 1.92006 -3.08857
33.036 1.8762 -3.0924
32.2615 1.83959 -3.0958
31.3735 1.80076 -3.099
30.5749 1.76756 -3.10015
29.6702 1.73113 -3.10165
28.7637 1.69552 -3.10148
27.9575 1.66296 -3.09977
27.0549 1.62498 -3.09806
26.252 1.58968 -3.09598
25.3486 1.54799 -3.09376
24.5492 1.50934 -3.09144
23.6476 1.46344 -3.08877
22.8482 1.42064 -3.08628
21.9494 1.37029 -3.0838
21.1434 1.32315 -3.08134
20.2321 1.26757 -3.07885
19.3132 1.20933 -3.07666
18.4989 1.15602 -3.07466
17.5896 1.09451 -3.07238
16.8001 1.03942 -3.07042
15.9301 0.976989 -3.06849
15.175 0.921434 -3.06682
14.3475 0.859079 -3.06498
13.6372 0.8043 -3.06325
12.8715 0.743847 -3.06146
12.2283 0.692093 -3.06046
11.5423 0.636406 -3.05997
10.9083 0.584703 -3.06009
10.3847 0.542292 -3.06117
9.83369 0.498676 -3.06389
9.37001 0.46324 -3.06647
8.87361 0.42669 -3.0695
8.45006 0.396775 -3.07267
7.98905 0.366003 -3.07718
7.58889 0.340969 -3.08095
7.15552 0.315604 -3.08522
6.78362 0.295316 -3.08885
6.37291 0.274463 -3.0927
5.96345 0.255219 -3.09637
5.60669 0.239648 -3.09944
5.21612 0.223873 -3.10284
4.87633 0.211208 -3.10567
4.50328 0.198438 -3.10889
4.17816 0.188275 -3.11164
3.81582 0.178014 -3.11475
3.49554 0.169873 -3.11743
3.1415 0.161893 -3.1205
2.83046 0.155759 -3.12305
2.48417 0.149878 -3.12597
2.14081 0.145038 -3.12886
1.83807 0.141593 -3.13138
1.48925 0.138573 -3.13426
1.16771 0.136641 -3.13672
0.795702 0.135403 -3.13961
0.451949 0.135185 3.14113
0.0456539 0.135948 3.13866
-0.33926 0.137511 3.13662
-0.798791 0.140437 3.13405
-1.22994 0.144233 3.13179
-1.73678 0.149909 3.12922
-2.26468 0.157206 3.12656
-2.75179 0.165176 3.12416
-3.32625 0.175965 3.12189
-3.84992 0.186693 3.12101
-4.45553 0.199392 3.12096
-5.00883 0.210777 3.12225
-5.64644 0.221999 3.12803
-6.22215 0.227492 3.1392
-6.87716 0.223669 -3.12323
-7.46002 0.207054 -3.09847
-8.12567 0.168757 -3.06422
-8.79073 0.105668 -3.02373
-9.37857 0.0255976 -2.98175
-10.0433 -0.0977991 -2.92619
-10.6321 -0.241187 -2.87135
-11.2787 -0.439439 -2.80916
-11.8469 -0.651078 -2.75344
-12.4763 -0.928123 -2.69461
-13.0165 -1.19953 -2.65378
-13.6206 -1.53261 -2.61817
-14.1515 -1.84695 -2.59359
-14.7356 -2.20954 -2.57869
-15.3109 -2.57381 -2.57578
-15.8207 -2.89724 -2.5765
-16.3875 -3.25489 -2.5812
-16.8929 -3.57024 -2.5866
-17.4578 -3.91748 -2.59496
-17.9606 -4.2203 -2.60498
-18.529 -4.55334 -2.61975
-19.0423 -4.8436 -2.63596
-19.6285 -5.16096 -2.65674
-20.1617 -5.43603 -2.67562
-20.7779 -5.73833 -2.69708
-21.4137 -6.03297 -2.72093
-21.9943 -6.2853 -2.745
-22.6618 -6.55487 -2.77349
-23.2501 -6.77383 -2.80069
-23.8972 -6.99262 -2.83415
-24.454 -7.16134 -2.86408
-25.0554 -7.32319 -2.89651
-25.5765 -7.44695 -2.92296
-26.1463 -7.56669 -2.94777
-26.6341 -7.65813 -2.96685
-27.1668 -7.74741 -2.98544
-27.6872 -7.82561 -3.00077
-28.1416 -7.88738 -3.0137
-28.6486 -7.94926 -3.02801
-29.1003 -7.99837 -3.03994
-29.6105 -8.04746 -3.05263
-30.0642 -8.08577 -3.06341
-30.5755 -8.12305 -3.07534
-31.029 -8.1513 -3.08418
-31.5353 -8.17888 -3.08995
-31.9842 -8.20188 -3.09039
-32.4804 -8.22808 -3.08628
-32.972 -8.25674 -3.07973
-33.4084 -8.28499 -3.0737
-33.9003 -8.31992 -3.06771
-34.3345 -8.35252 -3.06685
-34.8158 -8.38797 -3.07034
-35.2337 -8.41725 -3.07382
-35.6994 -8.44844 -3.07558
-36.1038 -8.47545 -3.07446
-36.5513 -8.50608 -3.07229
-36.9313 -8.53292 -3.07035
-37.3108 -8.56049 -3.06824
-37.6288 -8.58429 -3.0662
-37.887 -8.60415 -3.06443
-38.1713 -8.62658 -3.06202
-38.422 -8.64697 -3.05987
-38.7116 -8.67118 -3.05749
-38.9721 -8.69345 -3.05665
-39.2678 -8.7185 -3.05991
-39.5306 -8.73939 -3.06785
-39.8334 -8.7599 -3.08431
-40.1043 -8.77329 -3.10486
-40.4246 -8.7811 -3.13521
-40.7604 -8.77789 3.10924
-41.0743 -8.76221 3.06651
-41.4359 -8.72648 3.01124
-41.7603 -8.67635 2.9561
-42.1222 -8.59766 2.88911
-42.4378 -8.50711 2.82474
-42.7765 -8.38376 2.74902
-43.064 -8.25468 2.67855
-43.3692 -8.08865 2.5963
-43.6232 -7.92356 2.52311
-43.888 -7.721 2.44273
-44.1314 -7.50195 2.36361
-44.3324 -7.29175 2.29367
-44.5505 -7.02695 2.21512
-44.7306 -6.77188 2.14539
-44.9172 -6.46076 2.06574
-45.0666 -6.16246 1.99322
-45.2123 -5.80452 1.90979
-45.3195 -5.46579 1.83279
-45.4097 -5.06935 1.74417
-45.4603 -4.70902 1.66359
-45.4821 -4.31267 1.57602
-45.4699 -3.92495 1.49085
-45.4308 -3.57819 1.41475
-45.3514 -3.17269 1.32911
-45.2446 -2.795 1.24992
-45.081 -2.36107 1.15874
-44.8952 -1.97408 1.0753
-44.6366 -1.54042 0.978428
-44.3606 -1.16189 0.891136
-43.9945 -0.74659 0.793959
-43.6239 -0.395421 0.713041
-43.1566 -0.0209184 0.62817
-42.6394 0.325715 0.541934
-42.1337 0.607294 0.463533
-41.5245 0.883684 0.378966
-40.9559 1.08999 0.307857
-40.2902 1.27731 0.233075
-39.6648 1.40892 0.175522
-38.9565 1.51645 0.119516
-38.3109 1.58062 0.0730599
-37.5704 1.61935 0.0260109
-36.9147 1.62494 -0.0145934
-36.1857 1.59993 -0.0595068
-35.4764 1.54396 -0.103186
-34.8791 1.47249 -0.139961
-34.2661 1.37538 -0.179391
-33.7685 1.2775 -0.213781
-33.2568 1.15763 -0.251097
-32.8203 1.03858 -0.286854
-32.3311 0.883448 -0.334065
-31.8982 0.722894 -0.383569
-31.4162 0.512956 -0.445575
-30.9874 0.294708 -0.503322
-30.5179 0.0181259 -0.568661
-30.0643 -0.290562 -0.632805
-29.6792 -0.586921 -0.684927
-29.26 -0.946252 -0.736016
-28.9042 -1.27881 -0.76961
-28.5222 -1.65866 -0.797392
-28.1882 -2.00678 -0.81621
-27.8163 -2.40829 -0.832034
-27.4896 -2.77099 -0.844595
-27.1217 -3.19024 -0.857663
-26.7918 -3.57514 -0.867528
-26.4222 -4.015 -0.877385
-26.0892 -4.41851 -0.884677
-25.7052 -4.89021 -0.890386
-25.3221 -5.365 -0.892944
-24.976 -5.79509 -0.893432
-24.5879 -6.27772 -0.893583
-24.2446 -6.70478 -0.893546
-23.8527 -7.19185 -0.892485
-23.5056 -7.62199 -0.890761
-23.1137 -8.1054 -0.887605
-22.7633 -8.53463 -0.884026
-22.3671 -9.01608 -0.879975
-21.9709 -9.49373 -0.875791
-21.6201 -9.91297 -0.871662
-21.2264 -10.3793 -0.866727
-20.8806 -10.7849 -0.862387
-20.497 -11.2309 -0.857329
-20.1597 -11.6189 -0.852438
-19.789 -12.0411 -0.847087
-19.4673 -12.4039 -0.842382
-19.1133 -12.7989 -0.836915
-18.81 -13.1339 -0.832051
-18.48 -13.4946 -0.826727
-18.1961 -13.8019 -0.821975
-17.8898 -14.13 -0.816693
-17.5958 -14.4414 -0.809842
-17.3382 -14.7101 -0.800956
-17.047 -15.0073 -0.788112
-16.7832 -15.2695 -0.773698
-16.4734 -15.5673 -0.755156
-16.1878 -15.8323 -0.738141
-15.855 -16.1299 -0.718332
-15.5462 -16.3953 -0.698323
-15.1867 -16.6903 -0.672185
-14.8103 -16.9821 -0.64223
-14.4592 -17.2379 -0.612215
-14.0471 -17.5179 -0.577352
-13.6653 -17.7593 -0.545751
-13.2122 -18.0247 -0.509179
-12.7909 -18.2521 -0.47646
-12.2958 -18.4977 -0.44033
-11.834 -18.7075 -0.408341
-11.2996 -18.9295 -0.375532
-10.8121 -19.1153 -0.349033
-10.2528 -19.3112 -0.321344
-9.74262 -19.4751 -0.29674
-9.15575 -19.6469 -0.269224
-8.56496 -19.8036 -0.247202
-8.03004 -19.9344 -0.229532
-7.42592 -20.0702 -0.209776
-6.88187 -20.182 -0.192755
-6.25665 -20.2986 -0.1727
-5.69739 -20.3919 -0.154516
-5.04595 -20.4871 -0.132013
-4.45821 -20.5598 -0.11021
-3.78546 -20.6271 -0.0855174
-3.17237 -20.674 -0.0633451
-2.46938 -20.7114 -0.0398528
-1.75009 -20.7346 -0.0228216
-1.10406 -20.7469 -0.0141411
-0.364128 -20.7559 -0.00836331
0.29879 -20.7604 -0.0032694
1.05158 -20.7615 0.00263439
1.72618 -20.7579 0.0108042
2.48796 -20.7461 0.0235068
3.16745 -20.7268 0.0365943
3.9358 -20.694 0.0516592
4.61839 -20.6551 0.0654133
5.39128 -20.5996 0.0810561
6.16514 -20.5319 0.0966904
6.85911 -20.4607 0.110637
7.64646 -20.3684 0.125888
8.35253 -20.2752 0.139643
9.15416 -20.1577 0.154548
9.86445 -20.0433 0.168165
10.6641 -19.9019 0.186231
11.3791 -19.7613 0.206824
12.1836 -19.5835 0.232779
12.8971 -19.4071 0.256617
13.7067 -19.1848 0.283843
14.5172 -18.9383 0.311299
15.2283 -18.7018 0.335314
15.9928 -18.4265 0.360081
16.6289 -18.1812 0.38024
17.306 -17.9042 0.399644
17.8888 -17.6542 0.413578
18.5424 -17.3635 0.425802
19.1253 -17.0973 0.43286
19.7854 -16.7913 0.436826
20.3836 -16.5122 0.437463
21.0655 -16.1953 0.432538
21.7697 -15.8756 0.418179
22.4152 -15.5967 0.39394
23.1688 -15.2997 0.352207
23.8709 -15.0577 0.306161
24.6768 -14.8272 0.243885
25.4062 -14.6675 0.179226
26.246 -14.5466 0.0987786
26.9981 -14.4967 0.0263636
27.8422 -14.5055 -0.0547503
28.5967 -14.5711 -0.125194
29.4448 -14.7074 -0.198193
30.2831 -14.9006 -0.257399
31.0236 -15.1113 -0.298782
31.848 -15.3808 -0.333379
32.5724 -15.641 -0.356455
33.3841 -15.9527 -0.376105
34.1008 -16.2408 -0.38705
34.905 -16.5731 -0.395306
35.6126 -16.8712 -0.40052
36.4103 -17.2111 -0.403007
37.1173 -17.5139 -0.404379
37.9086 -17.8541 -0.405777
38.6996 -18.1955 -0.407298
39.3924 -18.4957 -0.408091
40.164 -18.8308 -0.409641
40.8351 -19.124 -0.412245
41.5716 -19.4484 -0.415453
42.2109 -19.7322 -0.417776
42.9029 -20.0415 -0.420802
43.4986 -20.3098 -0.423045
44.1508 -20.6052 -0.4247
44.7036 -20.8561 -0.423996
45.3128 -21.1308 -0.418583
45.9021 -21.3901 -0.404432
46.4057 -21.6016 -0.38353
46.9428 -21.812 -0.356739
47.397 -21.9767 -0.332369
47.8854 -22.1392 -0.302339
48.2954 -22.2621 -0.272164
48.7395 -22.3792 -0.235138
49.1288 -22.4666 -0.197421
49.5507 -22.5429 -0.150379
49.9144 -22.5912 -0.102703
50.3145 -22.6229 -0.0446085
50.7038 -22.6307 0.0155183
51.0533 -22.6171 0.0742728
51.4333 -22.5779 0.144451
51.7593 -22.5215 0.210813
52.118 -22.4326 0.288103
52.4276 -22.3311 0.358916
52.7605 -22.1933 0.438577
53.0485 -22.0477 0.510893
53.3605 -21.8585 0.592654
53.6272 -21.6668 0.667041
53.9163 -21.4219 0.751988
54.1893 -21.1471 0.838175
54.4132 -20.8819 0.914427
54.6448 -20.558 0.99936
54.8236 -20.2602 1.07374
54.9947 -19.917 1.15517
55.1192 -19.6113 1.22582
55.2345 -19.2525 1.30593
55.3118 -18.9306 1.37694
55.3712 -18.5635 1.45576
55.3997 -18.2327 1.52607
55.4042 -17.8581 1.6021
55.3793 -17.4661 1.67767
55.329 -17.0992 1.74805
55.2416 -16.6895 1.82422
55.1341 -16.3172 1.88979
54.9785 -15.8893 1.95862
54.8083 -15.4998 2.01521
54.5839 -15.0567 2.07095
54.3568 -14.6582 2.1128
54.0711 -14.2011 2.1517
53.7967 -13.7939 2.18057
53.47 -13.3357 2.20367
53.1252 -12.8721 2.22031
52.8057 -12.4549 2.23167
52.4382 -11.9842 2.23713
52.1054 -11.5602 2.23707
51.727 -11.076 2.23229
51.3888 -10.6379 2.22425
51.0089 -10.1343 2.20954
50.6754 -9.67791 2.19347
50.3044 -9.14925 2.17035
49.9858 -8.67158 2.14573
49.6417 -8.12288 2.11415
49.3153 -7.56246 2.07912
49.042 -7.05312 2.04422
48.7603 -6.4759 2.00109
48.5349 -5.9592 1.95854
48.3125 -5.37385 1.90228
48.1482 -4.85362 1.8439
48.0043 -4.26905 1.77248
47.9141 -3.74947 1.70424
47.8579 -3.17535 1.62352
47.8478 -2.66733 1.54852
47.8837 -2.09573 1.45702
47.9723 -1.53534 1.35946
48.0977 -1.04517 1.2708
48.2903 -0.508791 1.16988
48.5047 -0.0539173 1.07944
48.7954 0.434568 0.977389
49.089 0.835513 0.889031
49.4493 1.24332 0.795973
49.789 1.56837 0.722894
50.1815 1.8925 0.650364
50.5325 2.14552 0.592159
50.9184 2.39117 0.536672
51.2893 2.60143 0.490269
51.6218 2.77197 0.453644
52.0049 2.95083 0.416578
52.3615 3.10283 0.385961
52.7808 3.26622 0.354835
53.1651 3.40383 0.330451
53.6203 3.55416 0.305588
54.0419 3.68305 0.285843
54.5365 3.82338 0.265613
54.9903 3.94326 0.24949
55.5178 4.07336 0.232708
56.062 4.19802 0.216088
56.5531 4.30239 0.201356
57.1179 4.41355 0.186193
57.6368 4.50812 0.173087
58.2343 4.60882 0.160206
58.7715 4.69326 0.151107
59.3826 4.78345 0.1413
59.9429 4.86107 0.133771
60.5738 4.94386 0.127058
61.1474 5.0157 0.122241
61.8034 5.09481 0.117733
62.4653 5.17162 0.113383
63.0634 5.23875 0.110402
63.7404 5.31291 0.108271
64.3384 5.37747 0.107244
64.9987 5.44817 0.10669
65.5689 5.50913 0.106931
66.1945 5.57647 0.108456
66.7245 5.63456 0.110699
67.2874 5.69763 0.113254
67.7589 5.75162 0.115601
68.2623 5.81052 0.118182
68.7366 5.86727 0.120822
69.1357 5.91603 0.123167
69.5594 5.96885 0.125705
69.9171 6.01431 0.127948
70.3013 6.06407 0.130434
70.6325 6.10775 0.132707
71.021 6.15995 0.135262
71.3849 6.20978 0.13769
71.8144 6.26971 0.140396
72.2134 6.32646 0.143011
72.6809 6.39431 0.146112
73.1738 6.46746 0.149491
73.6249 6.5359 0.152614
74.1462 6.61678 0.156098
74.6153 6.69113 0.159181
75.1571 6.77884 0.1627
75.6503 6.86041 0.166074
76.2214 6.95697 0.169934
76.7321 7.04529 0.173532
77.3158 7.1485 0.177586
77.8455 7.24438 0.181585
78.4515 7.35673 0.186151
79.0677 7.47388 0.190811
79.6257 7.58263 0.195374
80.2629 7.71003 0.200457
80.8343 7.82701 0.204196
81.4812 7.96143 0.206063
82.0618 8.08293 0.207297
82.7203 8.22138 0.207525
83.3105 8.3454 0.207466
83.9681 8.48373 0.207821
84.5579 8.6078 0.207151
85.2177 8.74551 0.204162
85.8833 8.88113 0.197087
86.4817 8.998 0.187365
87.1628 9.12176 0.169399
87.7799 9.221 0.146117
88.4817 9.31366 0.111917
89.1219 9.37492 0.0734862
89.8436 9.41167 0.0217455
90.4863 9.4113 -0.0289612
91.2213 9.37068 -0.0871288
91.8736 9.29887 -0.137655
92.6166 9.17752 -0.190107
93.3384 9.02287 -0.236094
93.977 8.858 -0.271933
94.678 8.6509 -0.305345
95.2951 8.44787 -0.332815
95.9719 8.20416 -0.360728
96.5648 7.97346 -0.383411
97.2211 7.70077 -0.405398
97.7838 7.45438 -0.421225
98.389 7.17775 -0.437335
98.909 6.93122 -0.448577
99.4701 6.65785 -0.458656
100.016 6.38525 -0.467484
100.484 6.14706 -0.474081
100.999 5.88095 -0.480342
101.452 5.64378 -0.483815
101.951 5.38111 -0.485778
102.38 5.15436 -0.486037
102.858 4.90178 -0.484077
103.274 4.68376 -0.481276
103.734 4.44425 -0.476702
104.134 4.23894 -0.469959
104.583 4.01386 -0.458392
105.018 3.80172 -0.445728
105.408 3.61813 -0.432871
105.845 3.41956 -0.417692
106.225 3.25348 -0.404533
106.654 3.07326 -0.388499
107.031 2.92182 -0.371149
107.451 2.76256 -0.350785
107.828 2.62816 -0.331571
108.253 2.48653 -0.309809
108.631 2.3688 -0.289924
109.053 2.24742 -0.26777
109.473 2.1363 -0.246079
109.852 2.04445 -0.226689
110.29 1.94781 -0.20441
110.681 1.8702 -0.184737
111.126 1.79139 -0.162598
111.529 1.7289 -0.14248
111.996 1.66665 -0.119795
112.434 1.61785 -0.09886
112.942 1.57264 -0.0759046
113.409 1.54099 -0.0566009
113.956 1.51506 -0.0352273
114.461 1.50147 -0.0157476
115.044 1.49729 0.0029555
115.641 1.50266 0.0166694
116.183 1.51416 0.0272131
116.799 1.53272 0.0326358
117.359 1.55064 0.0309073
117.995 1.56846 0.024348
118.569 1.58028 0.0163025
119.227 1.58786 0.00615199
119.83 1.58891 -0.00319782
120.53 1.58306 -0.0141866
121.169 1.57095 -0.0243888
121.9 1.54906 -0.036144
122.649 1.51776 -0.0479922
123.329 1.48179 -0.0584367
124.101 1.43235 -0.0699516
124.791 1.38094 -0.0793882
125.562 1.31593 -0.0890605
126.241 1.25261 -0.097199
127.002 1.17516 -0.105875
127.669 1.10193 -0.113159
128.419 1.01388 -0.120563
129.161 0.921479 -0.127239
129.818 0.835683 -0.132223
130.548 0.737069 -0.135472
131.193 0.648576 -0.136246
131.916 0.549646 -0.134414
132.549 0.464644 -0.130945
133.246 0.373989 -0.126796
133.855 0.297154 -0.12285
134.537 0.214044 -0.118255
135.128 0.144736 -0.11386
135.793 0.070194 -0.107846
136.448 0.000885227 -0.101342
137.022 -0.0562573 -0.0957451
137.669 -0.116702 -0.088809
138.236 -0.165735 -0.0820773
138.87 -0.215903 -0.0739381
139.433 -0.255897 -0.066164
140.057 -0.294787 -0.0562864
140.611 -0.323902 -0.0466589
141.229 -0.350031 -0.035687
141.775 -0.367349 -0.0255539
142.389 -0.380207 -0.0141982
142.934 -0.385699 -0.00373196
143.536 -0.385117 0.00782547
144.136 -0.377574 0.0195441
144.67 -0.364892 0.0301406
145.27 -0.344017 0.041576
145.803 -0.319637 0.0519395
146.411 -0.28515 0.0636575
146.954 -0.24824 0.0743216
147.569 -0.199448 0.0862295
148.123 -0.149162 0.0971743
148.749 -0.0849718 0.109572
149.308 -0.0209656 0.120586
149.94 0.0586909 0.132995
150.576 0.147107 0.145601
151.139 0.232218 0.156751
151.78 0.336866 0.16929
152.352 0.437268 0.180551
152.993 0.557598 0.193091
153.563 0.67163 0.203906
154.206 0.807659 0.215913
154.777 0.935503 0.227026
155.421 1.0881 0.241183
155.992 1.23214 0.256505
156.634 1.40695 0.280334
157.264 1.59731 0.312636
157.814 1.78367 0.346874
158.417 2.01351 0.387524
158.944 2.23865 0.426348
159.523 2.5161 0.473447
160.023 2.78433 0.519088
160.57 3.11508 0.578282
161.034 3.43411 0.635548
161.536 3.82702 0.701282
161.962 4.2053 0.759567
162.42 4.66611 0.824483
162.853 5.16075 0.886104
163.218 5.62731 0.93445
163.604 6.17392 0.982149
163.928 6.67879 1.02728
164.265 7.26703 1.08089
164.539 7.80846 1.13104
164.81 8.42256 1.18779
165.021 8.98024 1.23865
165.224 9.61906 1.29545
165.374 10.1983 1.34598
165.509 10.8642 1.40246
165.608 11.5466 1.45783
165.666 12.1582 1.50437
165.697 12.8625 1.55328
165.697 13.5006 1.59335
165.669 14.2196 1.63011
165.623 14.8738 1.65767
165.549 15.6213 1.68325
165.469 16.2846 1.70193
165.363 17.0387 1.72201
165.257 17.7066 1.73896
165.126 18.4495 1.75543
164.983 19.1899 1.77059
164.846 19.8491 1.78173
164.686 20.5841 1.79112
164.538 21.2376 1.79779
164.368 21.9666 1.80333
164.217 22.6015 1.80361
164.052 23.3074 1.79858
163.912 23.9233 1.79011
163.765 24.6026 1.77407
163.648 25.1993 1.75608
163.531 25.8601 1.73504
163.428 26.515 1.717
163.346 27.094 1.70636
163.26 27.7394 1.70054
163.188 28.3042 1.69628
163.109 28.9432 1.6933
163.039 29.5129 1.69495
162.958 30.1592 1.69655
162.884 30.7419 1.69632
162.803 31.3931 1.69325
162.733 31.9714 1.68851
162.66 32.6183 1.67724
162.597 33.2588 1.65551
162.557 33.8159 1.62715
162.533 34.4321 1.58831
162.533 34.9782 1.54877
162.56 35.5954 1.49795
162.612 36.1449 1.44757
162.708 36.7666 1.38178
162.829 37.3129 1.31372
163.009 37.9091 1.23342
163.207 38.4232 1.16159
163.465 38.9626 1.08086
163.745 39.4468 1.0037
164.008 39.8361 0.938969
164.304 40.2158 0.872541
164.561 40.5071 0.81752
164.837 40.7876 0.760478
165.073 41.0035 0.713874
165.328 41.2145 0.665319
165.571 41.3977 0.618363
165.843 41.5817 0.563959
166.095 41.7334 0.513657
166.395 41.8928 0.453977
166.706 42.0342 0.391744
166.997 42.1459 0.334753
167.347 42.2563 0.267403
167.676 42.337 0.205277
168.07 42.4059 0.13198
168.445 42.4445 0.0635133
168.894 42.4571 -0.0168089
169.311 42.4367 -0.09049
169.801 42.3738 -0.175178
170.249 42.2792 -0.250802
170.762 42.128 -0.33061
171.291 41.9273 -0.400182
171.773 41.7102 -0.450952
172.321 41.43 -0.500453
172.798 41.1576 -0.543716
173.323 40.8235 -0.597513
173.766 40.5072 -0.652248
174.229 40.1314 -0.719953
174.612 39.7768 -0.782601
175.008 39.358 -0.853648
175.329 38.9686 -0.917589
175.656 38.5131 -0.987769
175.942 38.0507 -1.05584
176.165 37.6323 -1.11537
176.382 37.155 -1.18143
176.545 36.7267 -1.23941
176.694 36.2523 -1.30231
176.799 35.8325 -1.35701
176.888 35.3647 -1.41709
176.942 34.9504 -1.46871
176.979 34.4794 -1.52321
176.991 34.0523 -1.57049
176.98 33.5686 -1.62366
176.942 33.0767 -1.6767
176.886 32.632 -1.72346
176.796 32.1277 -1.7739
176.695 31.6768 -1.81799
176.554 31.1643 -1.86373
176.409 30.7087 -1.89747
176.228 30.201 -1.93402
176.051 29.7562 -1.97206
175.832 29.2701 -2.02585
175.617 28.8568 -2.08285
175.35 28.4135 -2.15035
175.053 27.9875 -2.21832
174.763 27.625 -2.27906
174.408 27.2352 -2.34682
174.066 26.9045 -2.40642
173.648 26.5475 -2.47089
173.249 26.2455 -2.52207
172.772 25.9214 -2.56951
172.321 25.6405 -2.60271
171.791 25.3331 -2.63079
171.303 25.0651 -2.64811
170.74 24.7668 -2.66072
170.164 24.4683 -2.665
169.645 24.2003 -2.66443
169.055 23.8947 -2.66304
168.519 23.6162 -2.66046
167.912 23.298 -2.65613
167.375 23.0137 -2.65223
166.772 22.6913 -2.64784
166.237 22.4021 -2.64364
165.632 22.0717 -2.63888
165.092 21.774 -2.63463
164.483 21.4343 -2.62965
163.87 21.0883 -2.6246
163.327 20.7782 -2.62047
162.722 20.43 -2.61615
162.204 20.1287 -2.61357
161.632 19.7949 -2.6108
161.142 19.5064 -2.60796
160.608 19.1901 -2.60505
160.147 18.9156 -2.60223
159.647 18.6152 -2.59826
159.213 18.3524 -2.59327
158.735 18.0585 -2.58571
158.266 17.7649 -2.57713
157.85 17.4997 -2.56927
157.383 17.1969 -2.56053
156.963 16.9189 -2.55233
156.483 16.5953 -2.54318
156.053 16.3005 -2.53462
155.569 15.9614 -2.5246
155.131 15.6484 -2.51546
154.637 15.2884 -2.50814
154.198 14.9655 -2.50488
153.684 14.585 -2.50262
153.169 14.2018 -2.50195
152.705 13.8568 -2.5017
152.184 13.4697 -2.50267
151.71 13.1189 -2.50416
151.167 12.7172 -2.50614
150.687 12.3646 -2.50863
150.138 11.9628 -2.51123
149.647 11.6063 -2.51384
149.088 11.202 -2.51702
148.584 10.8398 -2.51996
148.011 10.4311 -2.52345
147.443 10.0289 -2.52703
146.938 9.67376 -2.53053
146.368 9.27729 -2.53591
145.858 8.92641 -2.54254
145.281 8.53579 -2.55121
144.762 8.19108 -2.5594
144.165 7.80196 -2.56893
143.633 7.46203 -2.5776
143.022 7.07956 -2.58726
142.476 6.74471 -2.59537
141.859 6.37358 -2.60456
141.248 6.01307 -2.61369
140.715 5.70523 -2.6221
140.122 5.37019 -2.63214
139.604 5.08362 -2.64078
139.029 4.77215 -2.65086
138.523 4.5047 -2.66015
137.963 4.21575 -2.67103
137.467 3.96689 -2.68139
136.91 3.69518 -2.69516
136.415 3.46221 -2.7101
135.85 3.20821 -2.73029
135.275 2.96446 -2.75199
134.764 2.75994 -2.77222
134.183 2.54248 -2.79615
133.664 2.36124 -2.81744
133.084 2.17341 -2.84133
132.567 2.01869 -2.86206
131.989 1.85925 -2.88505
131.476 1.72982 -2.90523
130.897 1.59685 -2.92771
130.385 1.4902 -2.94713
129.804 1.38188 -2.96877
129.213 1.28479 -2.99046
128.681 1.20859 -3.00971
128.072 1.13412 -3.03179
127.518 1.07813 -3.05167
126.882 1.02746 -3.07414
126.309 0.994063 -3.09435
125.653 0.970059 -3.11741
125.063 0.961249 -3.1375
124.393 0.965164 3.12462
123.788 0.980275 3.1075
123.109 1.00897 3.09051
122.427 1.04892 3.07471
121.821 1.0934 3.06097
121.139 1.15375 3.04381
120.526 1.21922 3.02379
119.841 1.30884 2.99621
119.236 1.40491 2.9686
118.552 1.53526 2.93546
117.948 1.66989 2.90571
117.268 1.8444 2.87253
116.665 2.01868 2.84567
115.99 2.23358 2.81999
115.321 2.46362 2.80056
114.731 2.67711 2.78661
114.071 2.92689 2.77361
113.487 3.15464 2.76583
112.832 3.41503 2.76229
112.257 3.64421 2.76336
111.616 3.8985 2.76555
111.038 4.1256 2.77032
110.402 4.37176 2.77681
109.832 4.58733 2.78428
109.192 4.82362 2.79381
108.546 5.05496 2.80329
107.967 5.25659 2.8115
107.312 5.47844 2.81982
106.722 5.67358 2.82699
106.053 5.88909 2.8342
105.448 6.07947 2.84015
104.763 6.29058 2.84646
104.146 6.47686 2.85226
103.435 6.68664 2.85896
102.806 6.86788 2.86418
102.086 7.07165 2.8687
101.357 7.27428 2.87406
100.697 7.45351 2.88047
99.9517 7.65189 2.88243
99.2856 7.82905 2.88175
98.536 8.02837 2.88312
97.8811 8.20095 2.88614
97.1605 8.38807 2.89069
96.5198 8.55032 2.8993
95.8165 8.71949 2.91564
95.198 8.85645 2.93551
94.5102 8.99266 2.96089
93.8354 9.1076 2.98955
93.2558 9.18962 3.01696
92.6344 9.25924 3.04748
92.0844 9.30457 3.07555
91.5024 9.33556 3.10535
90.9887 9.34841 3.13198
90.4313 9.3469 -3.12294
89.9488 9.33326 -3.10037
89.407 9.30522 -3.07613
88.9316 9.2701 -3.05672
88.398 9.22007 -3.03666
87.8465 9.15733 -3.01731
87.3535 9.0925 -3.00216
86.7875 9.00972 -2.98908
86.2648 8.92739 -2.97994
85.6661 8.82758 -2.9721
85.1237 8.7343 -2.97007
84.4966 8.62583 -2.96969
83.928 8.52726 -2.96956
83.2891 8.4169 -2.97089
82.7087 8.31738 -2.97211
82.0542 8.20617 -2.9738
81.4682 8.10745 -2.97496
80.8088 7.99727 -2.97648
80.1483 7.88792 -2.97792
79.57 7.7929 -2.97887
78.9267 7.68776 -2.97959
78.3587 7.59529 -2.98023
77.7227 7.49227 -2.9811
77.1696 7.40304 -2.98161
76.5568 7.30481 -2.98316
76.0142 7.21867 -2.9845
75.4122 7.12388 -2.98585
74.8277 7.03271 -2.98737
74.3097 6.95264 -2.98866
73.7392 6.86536 -2.99041
73.2389 6.78962 -2.9917
72.6763 6.70523 -2.99321
72.1743 6.63066 -2.99447
71.5987 6.54594 -2.9959
71.0779 6.46995 -2.997
70.4791 6.38337 -2.99848
69.9352 6.3055 -2.99973
69.3163 6.21777 -3.00129
68.7512 6.13848 -3.00248
68.1002 6.04791 -3.0036
67.4425 5.95717 -3.00468
66.8476 5.87564 -3.00546
66.1668 5.78298 -3.00643
65.5551 5.70017 -3.00682
64.8607 5.6064 -3.00706
64.2394 5.52256 -3.007
63.5437 5.42862 -3.00687
62.9334 5.34612 -3.00666
62.2533 5.25402 -3.00635
61.5882 5.16378 -3.00622
61.0037 5.08442 -3.00607
60.3474 4.99529 -3.00611
59.7562 4.91484 -3.00556
59.0846 4.82318 -3.00537
58.478 4.74029 -3.00516
57.7776 4.64445 -3.00497
57.143 4.55742 -3.00457
56.4168 4.45757 -3.0044
55.7605 4.36729 -3.00437
55.0099 4.26408 -3.00444
54.3331 4.171 -3.00442
53.5619 4.06497 -3.00443
52.7802 3.95765 -3.00484
52.0741 3.86092 -3.00506
51.2709 3.75121 -3.00564
50.5503 3.65337 -3.0069
49.731 3.54346 -3.00852
48.9977 3.44604 -3.0096
48.1659 3.33667 -3.01125
47.4247 3.24051 -3.01325
46.5815 3.13322 -3.016
45.8311 3.03975 -3.01882
44.9816 2.93702 -3.0231
44.1339 2.83826 -3.02768
43.3828 2.75408 -3.03174
42.5414 2.66372 -3.03719
41.8008 2.58819 -3.04226
40.9672 2.50782 -3.04825
40.2281 2.44061 -3.05305
39.4023 2.36982 -3.05868
38.665 2.31055 -3.06355
37.8328 2.24794 -3.06885
37.0838 2.19518 -3.07328
36.2378 2.13968 -3.07847
35.3902 2.08865 -3.084
34.6368 2.04717 -3.08884
33.7901 2.00502 -3.09441
33.0395 1.97159 -3.09953
32.2 1.93926 -3.10664
31.4531 1.91536 -3.11197
30.6204 1.89276 -3.11607
29.8895 1.87515 -3.11798
29.0835 1.85668 -3.11782
28.3782 1.83964 -3.11571
27.6034 1.81923 -3.11362
26.8247 1.79709 -3.1115
26.1311 1.77602 -3.10977
25.3444 1.75077 -3.10801
24.6409 1.72692 -3.10614
23.8437 1.69832 -3.10413
23.1281 1.67126 -3.10233
22.3207 1.63909 -3.09964
21.5926 1.60745 -3.09489
20.765 1.56704 -3.08916
20.0188 1.52652 -3.08395
19.1674 1.47554 -3.07807
18.3044 1.41876 -3.07211
17.5308 1.36342 -3.06683
16.6537 1.2962 -3.06223
15.867 1.23285 -3.05914
14.9666 1.15758 -3.05613
14.1594 1.08795 -3.05407
13.2426 1.00751 -3.05329
12.4241 0.934974 -3.05227
11.5 0.852422 -3.05211
10.6809 0.779462 -3.05296
9.76139 0.698896 -3.05504
8.84403 0.621092 -3.05896
8.03184 0.555789 -3.06395
7.11784 0.488178 -3.07213
6.30438 0.434647 -3.07996
5.38181 0.381816 -3.0893
4.55861 0.342196 -3.09846
3.62865 0.306997 -3.10968
2.8019 0.284484 -3.11967
1.87047 0.269021 -3.13101
1.04311 0.264223 -3.1413
0.103793 0.268962 3.13098
-0.843503 0.282758 3.12356
-1.68102 0.300025 3.11841
-2.62427 0.324533 3.11309
-3.47061 0.350186 3.11012
-4.42449 0.381461 3.10799
-5.27142 0.410812 3.10659
-6.22257 0.444684 3.10616
-7.06266 0.47492 3.10556
-8.01056 0.509992 3.10417
-8.85752 0.542467 3.10296
-9.80814 0.580174 3.10142
-10.7584 0.6195 3.09948
-11.6008 0.655996 3.0976
-12.552 0.699266 3.09518
-13.4014 0.739807 3.0931
-14.3608 0.787981 3.09013
-15.2097 0.833151 3.08711
-16.1719 0.887518 3.08362
-17.0287 0.938799 3.08045
-17.9975 1.00024 3.07652
-18.8564 1.05804 3.07269
-19.8168 1.12669 3.06815
-20.7614 1.19868 3.06333
-21.5823 1.26498 3.05922
-22.486 1.34199 3.05453
-23.2678 1.41195 3.0508
-24.1235 1.49201 3.04646
-24.8628 1.56409 3.04319
-25.6645 1.64495 3.03969
-26.3566 1.71703 3.03687
-27.1056 1.79722 3.03391
-27.749 1.86788 3.03153
-28.4561 1.94724 3.02945
-29.1342 2.02434 3.0288
-29.723 2.0915 3.02858
-30.3737 2.16596 3.02817
-30.9474 2.23176 3.02815
-31.5969 2.30631 3.02792
-32.1809 2.37343 3.02793
-32.8412 2.44934 3.02795
-33.438 2.51779 3.02878
-34.119 2.59439 3.03324
-34.7218 2.65847 3.04142
-35.4087 2.72411 3.05497
-36.1 2.78008 3.06999
-36.7133 2.8209 3.08383
-37.3917 2.85567 3.10113
-37.982 2.87568 3.11857
-38.6234 2.88524 3.13933
-39.1753 2.88219 -3.12337
-39.7954 2.86461 -3.09775
-40.3499 2.83459 -3.07134
-40.9684 2.7827 -3.03799
-41.5233 2.71732 -3.00349
-42.1497 2.61858 -2.95908
-42.7701 2.49113 -2.91101
-43.3197 2.35155 -2.86701
-43.9367 2.16374 -2.81754
-44.4827 1.96914 -2.77291
-45.0891 1.7195 -2.72
-45.6186 1.46804 -2.66633
-46.1931 1.15195 -2.60017
-46.6803 0.841919 -2.53941
-47.209 0.455214 -2.47048
-47.6593 0.0782899 -2.40828
-48.135 -0.376657 -2.33803
-48.5738 -0.859655 -2.26797
-48.928 -1.30513 -2.20646
-49.2864 -1.82132 -2.1387
-49.5655 -2.28303 -2.08013
-49.8375 -2.80204 -2.01676
-50.046 -3.26501 -1.96146
-50.2448 -3.78479 -1.90095
-50.3906 -4.24198 -1.84839
-50.5245 -4.75939 -1.79004
-50.6191 -5.23209 -1.73694
-50.6967 -5.77918 -1.67659
-50.7419 -6.34334 -1.6147
-50.7525 -6.85915 -1.55757
-50.7274 -7.4661 -1.4908
-50.6701 -8.01045 -1.43036
-50.5642 -8.62963 -1.36146
-50.4292 -9.19166 -1.29758
-50.2306 -9.82478 -1.22488
-50.0114 -10.3847 -1.15879
-49.7132 -11.0114 -1.083
-49.4023 -11.559 -1.01392
-48.9983 -12.1619 -0.935158
-48.5377 -12.7437 -0.855232
-48.0827 -13.237 -0.784957
-47.5218 -13.7614 -0.70672
-46.9883 -14.1906 -0.636771
-46.3509 -14.6301 -0.558709
-45.7582 -14.9774 -0.489713
-45.0566 -15.3222 -0.412345
-44.4111 -15.5827 -0.343267
-43.6591 -15.8237 -0.265439
-42.9667 -15.9903 -0.195019
-42.172 -16.1197 -0.116538
-41.365 -16.1876 -0.0412277
-40.6326 -16.1978 0.0242045
-39.8074 -16.1523 0.0963112
-39.0718 -16.062 0.156474
-38.2392 -15.9108 0.20814
-37.491 -15.7413 0.242641
-36.6433 -15.5206 0.270158
-35.8808 -15.3044 0.28561
-35.0179 -15.047 0.297082
-34.2414 -14.8069 0.305932
-33.3656 -14.5276 0.314577
-32.4818 -14.2375 0.32271
-31.6927 -13.9715 0.330315
-30.797 -13.6619 0.337924
-29.9966 -13.3805 0.338714
-29.0808 -13.0619 0.33087
-28.2503 -12.7808 0.322912
-27.3031 -12.4686 0.315104
-26.4476 -12.1924 0.311514
-25.4674 -11.8771 0.314303
-24.5861 -11.5881 0.322884
-23.5901 -11.2492 0.336393
-22.6221 -10.9073 0.342274
-21.7803 -10.6105 0.333883
-20.8606 -10.3024 0.307986
-20.0601 -10.0617 0.270591
-19.1802 -9.83988 0.216464
-18.4176 -9.69173 0.159761
-17.5896 -9.58519 0.0879266
-16.8758 -9.54319 0.0221386
-16.0878 -9.55178 -0.0506633
-15.394 -9.60628 -0.112188
-14.6119 -9.71761 -0.174574
-13.8335 -9.87355 -0.222815
-13.1449 -10.0408 -0.255279
-12.3691 -10.2545 -0.28289
-11.6873 -10.459 -0.300172
-10.9252 -10.7009 -0.314186
-10.2466 -10.9248 -0.322579
-9.48477 -11.1823 -0.328536
-8.80349 -11.4163 -0.332533
-8.03569 -11.6836 -0.336662
-7.35215 -11.9242 -0.339511
-6.58199 -12.1977 -0.34185
-5.81096 -12.473 -0.342277
-5.12291 -12.7175 -0.338413
-4.34409 -12.9893 -0.330636
-3.64521 -13.2261 -0.319192
-2.85255 -13.481 -0.297956
-2.14716 -13.6898 -0.272547
-1.35001 -13.9008 -0.239614
-0.640382 -14.0646 -0.208825
0.155474 -14.2208 -0.17347
0.866928 -14.3354 -0.140275
1.67588 -14.4359 -0.100765
2.47819 -14.5031 -0.0608096
3.19508 -14.536 -0.0249773
4.00145 -14.5422 0.0154112
4.72195 -14.5198 0.052864
5.5371 -14.4617 0.0954013
6.26752 -14.3799 0.13358
7.07876 -14.2559 0.175486
7.79788 -14.1172 0.210829
8.59691 -13.9336 0.245101
9.31112 -13.7462 0.272081
10.11 -13.5132 0.298584
10.9102 -13.2595 0.317832
11.6166 -13.0232 0.32892
12.4166 -12.7486 0.33249
13.1166 -12.5088 0.326013
13.8958 -12.2532 0.303203
14.585 -12.0487 0.268676
15.3578 -11.8525 0.224426
16.0548 -11.7063 0.184884
16.8443 -11.5757 0.13878
17.5536 -11.4899 0.0977157
18.3601 -11.428 0.051332
19.1746 -11.4035 0.00446452
19.9026 -11.4139 -0.0372842
20.7272 -11.4623 -0.083723
21.4629 -11.5376 -0.123942
22.2897 -11.6573 -0.166455
23.0229 -11.7923 -0.200258
23.8486 -11.9741 -0.234722
24.5796 -12.1586 -0.2613
25.3921 -12.3874 -0.289348
26.1104 -12.6102 -0.313844
26.907 -12.8798 -0.33939
27.7003 -13.1698 -0.362107
28.3988 -13.4414 -0.379783
29.1795 -13.7606 -0.395654
29.8735 -14.0552 -0.406693
30.6457 -14.3931 -0.416884
31.3325 -14.7003 -0.422778
32.1027 -15.0498 -0.427047
32.7876 -15.363 -0.428648
33.5608 -15.7174 -0.428422
34.2461 -16.0309 -0.427098
35.0184 -16.3827 -0.425296
35.7923 -16.7333 -0.422735
36.4783 -17.042 -0.420314
37.2533 -17.3887 -0.418323
37.942 -17.6952 -0.416145
38.7214 -18.04 -0.414231
39.4102 -18.3433 -0.412165
40.1866 -18.6831 -0.410332
40.8734 -18.9831 -0.410863
41.6303 -19.3152 -0.413658
42.2763 -19.6009 -0.416812
42.9496 -19.9019 -0.421689
43.5659 -20.1812 -0.426655
44.0656 -20.4107 -0.432209
44.5849 -20.654 -0.442513
45.0261 -20.867 -0.45611
45.5116 -21.1115 -0.475799
45.9348 -21.3347 -0.492996
46.4137 -21.5983 -0.510659
46.8435 -21.8429 -0.520287
47.3306 -22.1246 -0.522554
47.7706 -22.3776 -0.514276
48.2734 -22.6581 -0.49534
48.7936 -22.9327 -0.466747
49.2636 -23.1627 -0.433196
49.7952 -23.3978 -0.388515
50.2666 -23.5817 -0.344209
50.8124 -23.7641 -0.287508
51.2918 -23.8941 -0.227019
51.8119 -23.9985 -0.154752
52.2671 -24.0567 -0.0824553
52.7532 -24.079 0.00992152
53.1518 -24.0612 0.098489
53.585 -23.9999 0.200516
53.9628 -23.9085 0.292425
54.353 -23.7736 0.391361
54.6993 -23.6153 0.483323
54.9639 -23.4663 0.558212
55.218 -23.2968 0.63358
55.4312 -23.1314 0.700984
55.6676 -22.9188 0.778916
55.8707 -22.7066 0.851551
56.0924 -22.4348 0.936793
56.2831 -22.1568 1.01914
56.4758 -21.8144 1.11386
56.636 -21.4535 1.20923
56.748 -21.1237 1.29415
56.8424 -20.7322 1.39066
56.8954 -20.3686 1.47773
56.9174 -19.9492 1.57515
56.9012 -19.5575 1.66489
56.8402 -19.1088 1.7614
56.7449 -18.6917 1.84302
56.595 -18.2207 1.9272
56.4264 -17.8042 1.99568
56.192 -17.3241 2.0643
55.9505 -16.8974 2.11581
55.647 -16.4184 2.16338
55.3128 -15.9386 2.20147
54.9927 -15.5094 2.22751
54.6152 -15.0274 2.24762
54.265 -14.5952 2.26027
53.8575 -14.1037 2.26953
53.4906 -13.6673 2.27376
53.0703 -13.17 2.27405
52.6911 -12.7204 2.27108
52.2651 -12.2097 2.26241
51.889 -11.75 2.25152
51.4658 -11.2187 2.2362
51.0502 -10.6791 2.21828
50.6853 -10.1874 2.20047
50.2844 -9.62395 2.17708
49.9377 -9.11131 2.1521
49.5657 -8.5248 2.11787
49.2518 -7.99123 2.08478
48.9186 -7.37383 2.04365
48.6467 -6.81801 2.00383
48.3713 -6.18337 1.95076
48.1607 -5.61479 1.89239
47.9702 -4.9689 1.81437
47.8317 -4.30356 1.72859
47.7582 -3.70334 1.6463
47.7374 -3.03219 1.54592
47.7771 -2.4361 1.4509
47.8898 -1.77619 1.34017
48.0508 -1.20433 1.24067
48.2964 -0.588286 1.13008
48.5608 -0.0833787 1.03481
48.9109 0.447277 0.929108
49.2588 0.8762 0.838064
49.6847 1.30915 0.738265
50.1396 1.68966 0.646243
50.5692 1.9921 0.572198
51.0754 2.29388 0.495959
51.5395 2.52907 0.435724
52.0824 2.76366 0.374411
52.5816 2.94738 0.326166
53.157 3.12852 0.280171
53.6789 3.26975 0.245157
54.2804 3.41038 0.211676
54.823 3.52029 0.185802
55.4516 3.63105 0.161649
56.0895 3.72929 0.143089
56.6588 3.8078 0.130354
57.3094 3.88956 0.11985
57.8973 3.95872 0.114908
58.5621 4.03448 0.112938
59.1605 4.10245 0.114432
59.8403 4.18131 0.117586
60.4499 4.25409 0.121452
61.1417 4.34001 0.126991
61.7674 4.42113 0.132252
62.4725 4.5166 0.138356
63.182 4.61716 0.144694
63.8197 4.71151 0.150509
64.5388 4.82246 0.157026
65.1807 4.92553 0.16289
65.9068 5.04683 0.169679
66.5529 5.15905 0.175717
67.2873 5.29145 0.182514
67.9344 5.41243 0.188494
68.6696 5.55445 0.194575
69.3278 5.6855 0.199748
70.0684 5.83696 0.204896
70.8192 5.99444 0.209772
71.4897 6.13803 0.213157
72.2478 6.30283 0.215761
72.9257 6.45157 0.217071
73.6961 6.62166 0.218191
74.3812 6.77317 0.217154
75.1547 6.94237 0.21398
75.844 7.09098 0.211036
76.6188 7.25541 0.207567
77.2961 7.39687 0.204581
78.0498 7.55174 0.201192
78.7905 7.70154 0.198319
79.4334 7.82981 0.19605
80.1247 7.96595 0.193288
80.7047 8.07864 0.190796
81.3163 8.19556 0.187278
81.8169 8.28961 0.184535
82.3132 8.38142 0.181475
82.6833 8.44866 0.178147
83.0379 8.51201 0.176378
83.3027 8.55906 0.175952
83.5714 8.60667 0.175409
83.8255 8.65155 0.174889
84.0632 8.69343 0.174402
84.3478 8.7433 0.172936
84.6191 8.79031 0.170406
84.9424 8.84511 0.165001
85.2535 8.89576 0.157134
85.6465 8.95573 0.14472
86.0446 9.01116 0.13075
86.5484 9.07275 0.11042
87.0411 9.1222 0.086827
87.6453 9.16603 0.0550484
88.3017 9.19169 0.0197017
88.9276 9.19401 -0.0168653
89.6734 9.16547 -0.0644358
90.3605 9.10757 -0.108184
91.1532 9.00366 -0.156578
91.8685 8.87767 -0.19483
92.6723 8.70493 -0.230882
93.375 8.53015 -0.259138
94.1532 8.31223 -0.289156
94.8426 8.09856 -0.314115
95.6058 7.8398 -0.34196
96.3549 7.56267 -0.369014
97.0098 7.30129 -0.392566
97.725 6.99535 -0.417837
98.3328 6.7184 -0.439144
98.9984 6.39699 -0.462363
99.5653 6.10843 -0.480391
100.183 5.77997 -0.496768
100.716 5.48807 -0.506473
101.295 5.16363 -0.513249
101.798 4.87967 -0.514382
102.345 4.57138 -0.509153
102.885 4.273 -0.497633
103.362 4.01753 -0.482095
103.88 3.75141 -0.463884
104.346 3.52297 -0.445759
104.874 3.27627 -0.424409
105.346 3.06739 -0.405635
105.886 2.84154 -0.38428
106.37 2.65021 -0.365663
106.916 2.44627 -0.347128
107.411 2.27105 -0.330514
107.98 2.08083 -0.311909
108.548 1.90157 -0.298556
109.064 1.74514 -0.288525
109.638 1.57767 -0.277216
110.164 1.42967 -0.270486
110.769 1.26319 -0.265167
111.3 1.11934 -0.264432
111.912 0.952669 -0.267773
112.466 0.799487 -0.271552
113.094 0.622913 -0.276297
113.663 0.460185 -0.280178
114.31 0.272661 -0.283201
114.968 0.0808103 -0.283437
115.553 -0.0897843 -0.282966
116.217 -0.282696 -0.282397
116.813 -0.455686 -0.281162
117.484 -0.649211 -0.280203
118.088 -0.822952 -0.278903
118.767 -1.01696 -0.277133
119.379 -1.19069 -0.275543
120.066 -1.38453 -0.273251
120.67 -1.55346 -0.271149
121.355 -1.74316 -0.268091
122.029 -1.92737 -0.265259
122.621 -2.08769 -0.262483
123.281 -2.26413 -0.258954
123.862 -2.41739 -0.255638
124.511 -2.58603 -0.251816
125.077 -2.73072 -0.248495
125.688 -2.88509 -0.245432
126.19 -3.01047 -0.243691
126.7 -3.13682 -0.24095
127.1 -3.23472 -0.237742
127.483 -3.32704 -0.235089
127.805 -3.40383 -0.232754
128.036 -3.45831 -0.230742
128.236 -3.50522 -0.228915
128.366 -3.53552 -0.227522
128.462 -3.55773 -0.226343
128.506 -3.56773 -0.225507
128.515 -3.56983 -0.224895
128.514 -3.5696 -0.224348
128.516 -3.56993 -0.223785
128.52 -3.5708 -0.223207
128.546 -3.57683 -0.222475
128.592 -3.58723 -0.221469
128.651 -3.60047 -0.219928
128.758 -3.6242 -0.216299
128.905 -3.65598 -0.209172
129.124 -3.70125 -0.195776
129.37 -3.74808 -0.178748
129.704 -3.80493 -0.154701
130.048 -3.85473 -0.130043
130.483 -3.90568 -0.099219
130.913 -3.94282 -0.0692416
131.441 -3.97129 -0.0348563
131.997 -3.98295 -0.00420519
132.51 -3.9793 0.0220678
133.11 -3.95795 0.0527749
133.646 -3.92348 0.0790314
134.255 -3.86775 0.106359
134.806 -3.80349 0.128505
135.435 -3.71627 0.148447
136.002 -3.628 0.162042
136.637 -3.52072 0.173025
137.211 -3.41855 0.180397
137.853 -3.29939 0.18819
138.486 -3.17674 0.195794
139.049 -3.06339 0.202805
139.675 -2.93267 0.209408
140.225 -2.81503 0.212221
140.846 -2.6806 0.214642
141.398 -2.55999 0.216507
142.023 -2.42198 0.218403
142.579 -2.29798 0.221632
143.206 -2.15484 0.229302
143.768 -2.02111 0.240629
144.399 -1.86138 0.25812
145.028 -1.68926 0.278943
145.585 -1.52466 0.298214
146.187 -1.33374 0.31915
146.684 -1.16531 0.336988
147.189 -0.98389 0.355337
147.589 -0.83256 0.370105
147.985 -0.676019 0.384439
148.281 -0.554648 0.394633
148.556 -0.438965 0.403681
148.751 -0.355083 0.410047
148.913 -0.284235 0.415237
149.018 -0.237804 0.418545
149.066 -0.216106 0.420179
149.078 -0.210966 0.420804
149.078 -0.211149 0.421133
149.079 -0.210314 0.421495
149.08 -0.209898 0.421812
149.081 -0.209482 0.422128
149.093 -0.204337 0.422704
149.132 -0.186615 0.423961
149.188 -0.161418 0.425614
149.275 -0.121794 0.428023
149.384 -0.0719096 0.43097
149.503 -0.0170793 0.434141
149.659 0.0557557 0.438241
149.815 0.129227 0.442386
150.018 0.225875 0.447707
150.221 0.323564 0.452945
150.472 0.446719 0.459424
150.716 0.568103 0.465683
151.01 0.717183 0.473193
151.288 0.860802 0.4803
151.611 1.02999 0.488344
151.949 1.21123 0.496684
152.259 1.38047 0.504317
152.626 1.58495 0.513349
152.966 1.77803 0.521804
153.364 2.00961 0.531552
153.731 2.22712 0.540377
154.158 2.48565 0.550492
154.552 2.72945 0.559639
155.008 3.01821 0.570067
155.429 3.29024 0.579576
155.92 3.6149 0.590361
156.43 3.95987 0.600913
156.895 4.28148 0.61051
157.431 4.65994 0.621447
157.913 5.00859 0.631416
158.456 5.40919 0.642628
158.935 5.77157 0.652634
159.474 6.18743 0.663778
159.954 6.56604 0.673839
160.494 7.00133 0.684984
160.977 7.39901 0.694835
161.519 7.8556 0.70587
162.067 8.32688 0.716965
162.555 8.75557 0.726093
163.111 9.253 0.736349
163.607 9.70664 0.745855
164.167 10.228 0.755431
164.663 10.6981 0.76332
165.222 11.2368 0.772134
165.714 11.7194 0.779909
166.239 12.2416 0.787067
166.685 12.6904 0.791894
167.157 13.1711 0.796988
167.599 13.625 0.801836
167.971 14.0108 0.805847
168.372 14.4294 0.810324
168.714 14.7902 0.814069
169.098 15.1975 0.818511
169.437 15.5617 0.824268
169.83 15.9889 0.832575
170.182 16.3775 0.840274
170.582 16.8271 0.849125
170.937 17.2332 0.857668
171.34 17.7032 0.867631
171.748 18.1886 0.878584
172.114 18.6344 0.888873
172.531 19.153 0.901086
172.901 19.6241 0.913145
173.319 20.173 0.929398
173.684 20.6684 0.946826
174.08 21.2296 0.967705
174.421 21.7325 0.986265
174.788 22.2986 1.00742
175.1 22.8007 1.0276
175.433 23.3644 1.05235
175.708 23.8591 1.07613
176.001 24.4166 1.10444
176.274 24.9763 1.13442
176.499 25.4756 1.16382
176.733 26.04 1.1995
176.92 26.5422 1.23486
177.108 27.1152 1.2795
177.249 27.6163 1.32064
177.38 28.1755 1.3661
177.474 28.668 1.40616
177.554 29.2166 1.45077
177.607 29.7363 1.49477
177.633 30.1709 1.53325
177.643 30.6426 1.57507
177.635 31.0545 1.61156
177.609 31.5056 1.65113
177.572 31.8964 1.68564
177.515 32.3267 1.72269
177.454 32.6949 1.75187
177.376 33.0976 1.7793
177.3 33.4432 1.79927
177.207 33.8258 1.81899
177.121 34.1568 1.83791
177.02 34.5131 1.86301
176.912 34.8569 1.89454
176.805 35.1613 1.92621
176.671 35.5058 1.96413
176.54 35.808 2.00302
176.383 36.1319 2.04991
176.237 36.4016 2.0918
176.071 36.679 2.13736
175.923 36.9038 2.17608
175.752 37.1421 2.21809
175.596 37.3418 2.25468
175.415 37.5559 2.29504
175.23 37.7585 2.33466
175.058 37.9325 2.37024
174.852 38.1262 2.41126
174.657 38.2958 2.44908
174.424 38.4818 2.49231
174.209 38.6401 2.53135
173.953 38.8116 2.5759
173.711 38.9597 2.61739
173.431 39.1146 2.66388
173.179 39.2394 2.70491
172.883 39.3708 2.7517
172.572 39.4912 2.79907
172.288 39.5871 2.84061
171.957 39.683 2.88511
171.657 39.7566 2.92294
171.309 39.8275 2.96557
170.998 39.8777 3.00461
170.637 39.9205 3.05024
170.31 39.9447 3.09271
169.938 39.9551 -3.14077
169.563 39.9468 -3.08998
169.222 39.9225 -3.04317
168.84 39.8761 -2.99038
168.507 39.8187 -2.94366
168.122 39.7324 -2.88969
167.775 39.6354 -2.84097
167.379 39.5026 -2.78675
167.024 39.3627 -2.73801
166.628 39.1827 -2.68299
166.283 39.0031 -2.63402
165.898 38.7774 -2.57895
165.57 38.5607 -2.53049
165.214 38.2989 -2.47701
164.865 38.0126 -2.42264
164.571 37.7445 -2.37501
164.25 37.4215 -2.32257
163.971 37.1107 -2.27615
163.668 36.7393 -2.22762
163.405 36.3866 -2.18884
163.116 35.9654 -2.15016
162.865 35.5711 -2.11941
162.591 35.109 -2.08764
162.36 34.6912 -2.06273
162.102 34.1985 -2.03697
161.857 33.699 -2.01425
161.646 33.2465 -1.995
161.419 32.7317 -1.97524
161.224 32.2689 -1.96064
161.009 31.7368 -1.94756
160.82 31.2548 -1.93849
160.609 30.7014 -1.92995
160.423 30.2033 -1.92209
160.209 29.6113 -1.91136
160.026 29.0917 -1.90489
159.817 28.4862 -1.8998
159.61 27.8794 -1.89737
159.438 27.372 -1.89603
159.246 26.8026 -1.89511
159.08 26.308 -1.89516
158.895 25.7606 -1.89572
158.733 25.2824 -1.89625
158.555 24.7574 -1.89904
158.398 24.2994 -1.90332
158.222 23.7957 -1.90967
158.066 23.3564 -1.91665
157.889 22.8714 -1.92591
157.713 22.4032 -1.93518
157.559 22.0057 -1.94323
157.388 21.5745 -1.95359
157.236 21.2022 -1.96459
157.064 20.7971 -1.97977
156.908 20.4429 -1.99605
156.728 20.0559 -2.01694
156.564 19.7198 -2.03617
156.37 19.343 -2.05815
156.19 19.0116 -2.07764
155.975 18.6337 -2.10015
155.743 18.2474 -2.12405
155.517 17.8888 -2.14566
155.242 17.4745 -2.1697
154.984 17.1041 -2.19041
154.675 16.681 -2.21382
154.381 16.2964 -2.23441
154.037 15.8651 -2.25743
153.725 15.4913 -2.27686
153.355 15.0661 -2.29789
153.001 14.6759 -2.31715
152.604 14.2546 -2.33692
152.206 13.8472 -2.35526
151.842 13.4883 -2.37162
151.406 13.0732 -2.39039
151.015 12.7135 -2.40653
150.573 12.3201 -2.42445
150.166 11.9703 -2.441
149.694 11.5801 -2.46081
149.268 11.2407 -2.47839
148.778 10.865 -2.49867
148.334 10.5379 -2.51703
147.826 10.1794 -2.5379
147.311 9.83116 -2.55903
146.844 9.52929 -2.57788
146.308 9.19792 -2.5997
145.822 8.91146 -2.61935
145.269 8.60038 -2.64192
144.764 8.331 -2.66207
144.18 8.03499 -2.68513
143.654 7.78243 -2.70554
143.045 7.50662 -2.72862
142.496 7.27197 -2.74909
141.865 7.01888 -2.77218
141.224 6.77822 -2.79444
140.645 6.5743 -2.8139
139.98 6.3558 -2.83644
139.378 6.17232 -2.85632
138.688 5.97747 -2.87786
138.067 5.81537 -2.89588
137.372 5.64755 -2.91496
136.758 5.5106 -2.93104
136.063 5.3681 -2.94835
135.452 5.2528 -2.96276
134.769 5.13423 -2.97793
134.092 5.02721 -2.992
133.497 4.94068 -3.00328
132.834 4.8523 -3.01528
132.252 4.78118 -3.02534
131.604 4.70882 -3.03603
131.03 4.65056 -3.04534
130.386 4.59148 -3.05519
129.819 4.54465 -3.06359
129.182 4.49776 -3.07289
128.621 4.46129 -3.0808
127.997 4.42572 -3.08828
127.379 4.39439 -3.09269
126.833 4.36805 -3.0927
126.223 4.33743 -3.08818
125.687 4.30735 -3.08097
125.085 4.2684 -3.07125
124.557 4.22946 -3.06289
123.96 4.18014 -3.05348
123.428 4.13136 -3.04509
122.834 4.07176 -3.03703
122.298 4.0145 -3.03233
121.703 3.94909 -3.03185
121.109 3.88488 -3.03699
120.571 3.83056 -3.04583
119.963 3.77611 -3.06022
119.414 3.7352 -3.07555
118.792 3.6996 -3.09507
118.237 3.67847 -3.11384
117.6 3.66724 -3.13562
117.029 3.6689 3.12814
116.379 3.68428 3.10605
115.794 3.71042 3.08613
115.132 3.75404 3.0637
114.465 3.81305 3.04128
113.867 3.87885 3.02118
113.186 3.96848 2.99837
112.58 4.06152 2.97859
111.902 4.1802 2.95641
111.29 4.30044 2.93742
110.598 4.45067 2.91689
109.979 4.59741 2.89949
109.283 4.77513 2.88332
108.674 4.93985 2.87126
107.994 5.13246 2.85967
107.325 5.32994 2.84942
106.729 5.5115 2.84229
106.066 5.71868 2.83503
105.475 5.90773 2.82901
104.813 6.12401 2.82336
104.222 6.32005 2.81997
103.552 6.5446 2.8175
102.958 6.74482 2.81624
102.289 6.97128 2.81477
101.691 7.17464 2.81432
101.011 7.40447 2.81929
100.327 7.6303 2.82847
99.7173 7.82525 2.83753
99.0276 8.03796 2.85004
98.4155 8.21838 2.86217
97.734 8.40991 2.8752
97.1346 8.57075 2.88569
96.4526 8.7457 2.8976
95.856 8.89124 2.90976
95.1917 9.04311 2.92768
94.6027 9.16609 2.94756
93.9503 9.28739 2.9718
93.3105 9.39025 2.99622
92.7572 9.46597 3.01895
92.1285 9.53613 3.0458
91.581 9.58334 3.06906
90.9516 9.62183 3.09593
90.3798 9.64202 3.12055
89.7244 9.64815 -3.1356
89.1252 9.63851 -3.1116
88.443 9.61035 -3.08554
87.8212 9.56942 -3.06252
87.105 9.50506 -3.03863
86.3785 9.42414 -3.02116
85.7045 9.33942 -3.01004
84.936 9.23445 -2.99997
84.2294 9.13146 -2.99189
83.4411 9.01004 -2.98404
82.7515 8.89881 -2.97758
81.9869 8.77044 -2.9719
81.318 8.65531 -2.96932
80.5758 8.52567 -2.96709
79.925 8.41121 -2.96739
79.2044 8.28533 -2.96938
78.4881 8.16165 -2.97098
77.8601 8.05398 -2.97181
77.1605 7.93463 -2.97263
76.5448 7.83009 -2.97335
75.8458 7.71192 -2.9739
75.2215 7.60644 -2.97357
74.5078 7.48564 -2.97336
73.8626 7.37628 -2.97306
73.1236 7.25082 -2.97275
72.4478 7.13579 -2.97233
71.6734 7.0037 -2.97205
70.8849 6.86899 -2.97176
70.1683 6.74631 -2.97139
69.354 6.60662 -2.97106
68.6152 6.47966 -2.97075
67.7679 6.33371 -2.97014
67.0057 6.20183 -2.96932
66.1319 6.05001 -2.96869
65.3441 5.91256 -2.96784
64.4388 5.75388 -2.96733
63.6124 5.60872 -2.96707
62.6488 5.43963 -2.96771
61.6539 5.26613 -2.96963
60.7384 5.10921 -2.97376
59.6742 4.93254 -2.97986
58.7069 4.77766 -2.98547
57.6303 4.61249 -2.99283
56.6771 4.47269 -2.99833
55.62 4.32368 -3.00455
54.6894 4.19869 -3.01112
53.6625 4.06775 -3.01772
52.7605 3.9583 -3.02338
51.7557 3.84246 -3.02952
50.7667 3.73461 -3.03584
49.8954 3.64486 -3.0411
48.9308 3.55038 -3.0456
48.0883 3.47107 -3.04895
47.1546 3.38698 -3.05365
46.3305 3.31618 -3.0568
45.4058 3.2398 -3.06061
44.5825 3.17494 -3.06422
43.6546 3.10571 -3.06899
42.8221 3.04744 -3.07339
41.8861 2.98676 -3.07933
41.0438 2.93686 -3.08447
40.0905 2.88541 -3.08923
39.1279 2.83715 -3.0922
38.2778 2.79672 -3.09431
37.3167 2.75294 -3.09571
36.4643 2.71438 -3.09496
35.5101 2.6704 -3.09436
34.6763 2.63168 -3.09409
33.7409 2.58816 -3.09412
32.9119 2.54981 -3.09496
31.9881 2.50885 -3.09799
31.0698 2.47088 -3.10062
30.2649 2.43955 -3.10278
29.3813 2.40749 -3.10583
28.6146 2.38169 -3.10778
27.7791 2.35539 -3.11058
27.0578 2.33501 -3.11399
26.2689 2.31566 -3.11797
25.5879 2.30146 -3.12124
24.8452 2.28865 -3.12504
24.2018 2.27972 -3.12777
23.4922 2.272 -3.131
22.7977 2.26663 -3.13396
22.1807 2.2634 -3.13561
21.4905 2.26083 -3.13692
20.8728 2.25908 -3.13704
20.1755 2.25674 -3.13538
19.5537 2.25305 -3.13172
18.8494 2.24566 -3.12578
18.2307 2.23491 -3.1174
17.5325 2.21547 -3.10391
16.92 2.18915 -3.08648
16.2378 2.14546 -3.06079
15.5611 2.08267 -3.02857
14.9641 2.00689 -2.99181
14.3072 1.89496 -2.94303
13.7422 1.77021 -2.89363
13.1171 1.59552 -2.83172
12.5837 1.41054 -2.76989
12.0209 1.17129 -2.69416
11.547 0.9266 -2.61998
11.052 0.617515 -2.5292
10.6617 0.3231 -2.44383
10.2684 -0.0354713 -2.34149
9.93116 -0.414447 -2.23573
9.67128 -0.774109 -2.13755
9.43305 -1.18975 -2.02561
9.26775 -1.56433 -1.92874
9.12483 -2.00553 -1.82062
9.043 -2.38421 -1.72881
8.9979 -2.75188 -1.64043
8.98595 -3.02932 -1.57228
8.99187 -3.28291 -1.50925
9.00971 -3.49865 -1.45431
9.04352 -3.73791 -1.39352
9.09145 -3.97304 -1.33294
9.14784 -4.18551 -1.27687
9.2284 -4.4291 -1.21266
9.31324 -4.64111 -1.15468
9.42899 -4.88503 -1.08749
9.5527 -5.10705 -1.02391
9.72285 -5.36791 -0.947598
9.90308 -5.60388 -0.875141
10.14 -5.86868 -0.79239
10.3848 -6.10216 -0.717638
10.7016 -6.36006 -0.63593
11.0645 -6.60999 -0.558425
11.4267 -6.82352 -0.496261
11.8827 -7.05605 -0.438119
12.3195 -7.25214 -0.397926
12.8576 -7.46941 -0.362624
13.387 -7.66487 -0.338761
14.0326 -7.88865 -0.324721
14.6511 -8.09704 -0.321225
15.3871 -8.34438 -0.32373
16.0626 -8.57428 -0.328818
16.8324 -8.84179 -0.336741
17.5228 -9.08734 -0.343336
18.3025 -9.37106 -0.351513
19.0812 -9.6617 -0.359982
19.7744 -9.92666 -0.367311
20.5561 -10.2326 -0.375874
21.2516 -10.5109 -0.382736
22.0382 -10.8325 -0.39088
22.7392 -11.1249 -0.396571
23.5279 -11.4594 -0.403084
24.2293 -11.7616 -0.407973
25.0176 -12.1054 -0.410952
25.7171 -12.4114 -0.410168
26.5059 -12.7541 -0.405114
27.2882 -13.0875 -0.396621
27.9602 -13.3674 -0.38931
28.6677 -13.6563 -0.383009
29.2551 -13.8922 -0.377592
29.8748 -14.1373 -0.373277
30.414 -14.3487 -0.372174
31.0184 -14.5862 -0.375544
31.5624 -14.8029 -0.381785
32.1758 -15.0526 -0.39025
32.7247 -15.281 -0.397117
33.3481 -15.5453 -0.403019
33.9761 -15.8153 -0.407535
34.5424 -16.061 -0.409233
35.1868 -16.3416 -0.410683
35.7642 -16.5937 -0.410683
36.4163 -16.8781 -0.410047
37.0015 -17.1327 -0.409313
37.6648 -17.4208 -0.408437
38.2554 -17.6766 -0.407638
38.9297 -17.9682 -0.407329
39.5257 -18.2258 -0.407237
40.1973 -18.5161 -0.407562
40.8737 -18.809 -0.408754
41.4705 -19.0682 -0.409458
42.1458 -19.362 -0.410232
42.7507 -19.6256 -0.410686
43.4282 -19.9213 -0.411232
44.0349 -20.1862 -0.411441
44.7124 -20.4825 -0.412315
45.3078 -20.7434 -0.412182
45.9712 -21.0325 -0.407454
46.537 -21.2745 -0.397896
47.1423 -21.5242 -0.380812
47.7218 -21.75 -0.357675
48.2104 -21.9272 -0.334169
48.7424 -22.1045 -0.304062
49.2 -22.2415 -0.2725
49.686 -22.3689 -0.23512
50.0896 -22.4595 -0.200967
50.5214 -22.5396 -0.160025
50.8799 -22.5915 -0.121898
51.2799 -22.6328 -0.0793338
51.6487 -22.6564 -0.0441429
52.0774 -22.6683 -0.00808507
52.5214 -22.6659 0.0210968
52.9219 -22.6539 0.0405358
53.39 -22.6315 0.0564057
53.814 -22.6058 0.0657349
54.3073 -22.5717 0.0732891
54.7517 -22.538 0.0788655
55.2668 -22.4961 0.0846362
55.7319 -22.4557 0.0895347
56.2687 -22.4064 0.0948804
56.7577 -22.3589 0.0996286
57.3244 -22.301 0.104908
57.9094 -22.238 0.110793
58.4381 -22.1779 0.117279
59.0436 -22.1039 0.128387
59.5975 -22.0291 0.142953
60.2289 -21.9325 0.163942
60.795 -21.8336 0.185027
61.4382 -21.7056 0.211561
62.0189 -21.5741 0.237678
62.6714 -21.4067 0.268749
63.2496 -21.2395 0.298958
63.8976 -21.0282 0.336533
64.5447 -20.7891 0.37601
65.1093 -20.5562 0.411248
65.747 -20.2644 0.45196
66.3076 -19.981 0.48873
66.9079 -19.6481 0.528711
67.4201 -19.3385 0.563353
67.9754 -18.9745 0.601745
68.4452 -18.6418 0.634998
68.9599 -18.2495 0.671984
69.4038 -17.8861 0.704588
69.8949 -17.4547 0.741195
70.376 -17.0001 0.77693
70.7993 -16.5725 0.807989
71.265 -16.071 0.840321
71.6775 -15.5994 0.867263
72.1389 -15.0421 0.893887
72.5384 -14.5361 0.913
72.99 -13.9417 0.93178
73.3851 -13.4024 0.947171
73.8243 -12.7838 0.961167
74.2151 -12.2185 0.97272
74.6514 -11.5709 0.984775
75.0838 -10.9143 0.992965
75.4709 -10.3181 0.997993
75.9102 -9.63377 1.00341
76.3049 -9.01239 1.00737
76.7515 -8.3034 1.01108
77.1508 -7.66453 1.01452
77.6037 -6.93393 1.01825
78.0061 -6.27971 1.02161
78.4616 -5.5333 1.02549
78.8669 -4.86342 1.02911
79.3243 -4.10104 1.03294
79.7805 -3.33471 1.03587
80.1885 -2.64549 1.0379
80.6468 -1.86821 1.03907
81.043 -1.19527 1.03889
81.4671 -0.476755 1.0369
81.8214 0.120826 1.03493
82.1937 0.74523 1.03187
82.505 1.26367 1.02892
82.8364 1.81178 1.02571
83.1116 2.26385 1.02273
83.4073 2.74567 1.01853
83.6895 3.20131 1.0147
83.9247 3.57853 1.01266
84.1718 3.97296 1.01029
84.4 4.33513 1.00685
84.667 4.75401 0.999678
84.9176 5.13958 0.986934
85.2102 5.57077 0.957431
85.4912 5.9565 0.920176
85.8361 6.38849 0.868197
86.1722 6.76704 0.814778
86.5832 7.17787 0.748954
87.0371 7.57341 0.677027
87.4755 7.90403 0.60686
88.0041 8.24185 0.520923
88.5116 8.50902 0.438725
89.1182 8.7627 0.343865
89.6798 8.94038 0.259443
90.3369 9.08473 0.163263
90.9399 9.16063 0.0775477
91.6347 9.18476 -0.0168308
92.2672 9.15181 -0.0946538
92.9733 9.05978 -0.170354
93.6745 8.91791 -0.232573
94.2951 8.75768 -0.27594
94.9791 8.55082 -0.313372
95.5815 8.34716 -0.341318
96.2471 8.10094 -0.368304
96.8389 7.86724 -0.384245
97.4872 7.60069 -0.396088
98.0495 7.36282 -0.404881
98.6723 7.09255 -0.414651
99.2204 6.84871 -0.42327
99.8294 6.57092 -0.433146
100.429 6.29064 -0.442544
100.957 6.03795 -0.44951
101.557 5.74661 -0.454194
102.085 5.48818 -0.456158
102.683 5.19413 -0.456666
103.216 4.9327 -0.454489
103.813 4.64155 -0.451675
104.352 4.38123 -0.448094
104.961 4.08919 -0.444282
105.515 3.82685 -0.439979
106.14 3.53431 -0.434694
106.769 3.2434 -0.429985
107.325 2.98948 -0.425859
107.943 2.7105 -0.421589
108.499 2.46209 -0.417848
109.117 2.18888 -0.413672
109.663 1.94978 -0.411092
110.283 1.68004 -0.409907
110.825 1.44414 -0.410404
111.438 1.17683 -0.412333
111.988 0.935487 -0.414303
112.604 0.663365 -0.416736
113.231 0.384968 -0.419088
113.789 0.135674 -0.421346
114.425 -0.150556 -0.423132
114.99 -0.405466 -0.42405
115.631 -0.694952 -0.423923
116.203 -0.953116 -0.422321
116.854 -1.2448 -0.419089
117.444 -1.50629 -0.413731
118.122 -1.80094 -0.404593
118.749 -2.06615 -0.393619
119.47 -2.36049 -0.378162
120.203 -2.64452 -0.357946
120.872 -2.88818 -0.336965
121.636 -3.14703 -0.31304
122.328 -3.36401 -0.291024
123.128 -3.59378 -0.264732
123.845 -3.78045 -0.241119
124.663 -3.97141 -0.213951
125.405 -4.12433 -0.188841
126.239 -4.27332 -0.16102
126.975 -4.3851 -0.136634
127.798 -4.48808 -0.108725
128.617 -4.568 -0.0827597
129.334 -4.62104 -0.0615996
130.136 -4.66197 -0.0369101
130.845 -4.68142 -0.0144497
131.638 -4.68429 0.0106211
132.347 -4.67 0.0329999
133.151 -4.6349 0.0576223
133.869 -4.58685 0.0791958
134.69 -4.51325 0.102614
135.427 -4.43103 0.122667
136.266 -4.31958 0.144179
137.12 -4.188 0.164202
137.881 -4.05652 0.180309
138.751 -3.89132 0.197382
139.531 -3.7304 0.212054
140.411 -3.53556 0.225104
141.192 -3.35432 0.231628
142.083 -3.14175 0.239367
142.882 -2.94351 0.248369
143.774 -2.71471 0.25504
144.572 -2.50491 0.260547
145.467 -2.26347 0.267892
146.347 -2.01958 0.273928
147.125 -1.79935 0.279129
147.995 -1.54802 0.284818
148.761 -1.32255 0.289487
149.614 -1.06688 0.293692
150.371 -0.836931 0.297283
151.212 -0.578359 0.300363
151.963 -0.345035 0.303024
152.808 -0.0803348 0.304961
153.554 0.154539 0.305798
154.395 0.419738 0.306191
155.231 0.683896 0.306577
155.97 0.917615 0.306893
156.801 1.18079 0.307187
157.536 1.41409 0.308151
158.361 1.67673 0.309172
159.082 1.90719 0.310654
159.891 2.1679 0.314373
160.601 2.39989 0.31866
161.394 2.66361 0.325185
162.09 2.90055 0.33233
162.87 3.17277 0.340693
163.645 3.45021 0.348818
164.328 3.7005 0.354373
165.078 3.97866 0.355389
165.729 4.21961 0.354651
166.454 4.48791 0.355532
167.081 4.72199 0.361154
167.778 4.98933 0.374993
168.391 5.23642 0.396904
169.065 5.53084 0.433018
169.647 5.81162 0.472724
170.277 6.15213 0.526617
170.874 6.52137 0.590144
171.376 6.87713 0.653087
171.901 7.30639 0.7273
172.323 7.70426 0.792207
172.757 8.17233 0.863641
173.103 8.59963 0.925356
173.454 9.09642 0.993537
173.734 9.55132 1.05329
174.011 10.0723 1.11926
174.224 10.5407 1.17666
174.43 11.0779 1.24009
174.6 11.6208 1.30155
174.721 12.1047 1.35403
174.825 12.6346 1.40846
174.892 13.1064 1.45545
174.941 13.622 1.5047
174.963 14.0647 1.54011
174.971 14.551 1.5725
174.966 14.9639 1.59587
174.95 15.4223 1.61377
174.931 15.8207 1.6248
174.907 16.2407 1.63288
174.883 16.6152 1.63877
174.862 16.9113 1.64261
174.841 17.2057 1.64617
174.823 17.4378 1.64869
174.805 17.6628 1.65109
174.791 17.8309 1.65301
174.778 17.9925 1.6547
174.768 18.1125 1.65605
174.759 18.2206 1.65725
174.752 18.2942 1.65822
174.747 18.3574 1.65909
174.743 18.3954 1.65981
174.742 18.4067 1.66038
174.742 18.4047 1.66086
174.742 18.4057 1.66135
174.742 18.4057 1.66184
174.742 18.4057 1.66233
174.742 18.4052 1.66281
174.742 18.4057 1.66328
174.742 18.4056 1.66375
174.742 18.409 1.66423
174.741 18.4134 1.66473
174.739 18.4331 1.66531
174.736 18.4696 1.66603
174.73 18.5313 1.66699
174.723 18.6009 1.66801
174.715 18.6863 1.66914
174.707 18.7613 1.67013
174.7 18.8342 1.67107
174.695 18.8844 1.67185
174.692 18.9174 1.6725
174.691 18.9267 1.67298
174.691 18.9251 1.67338
174.691 18.9255 1.67378
174.691 18.9259 1.67419
174.69 18.9366 1.67467
174.687 18.9611 1.67523
174.683 19.0014 1.67591
174.676 19.0703 1.67682
174.667 19.1456 1.67783
174.657 19.2412 1.67909
174.647 19.3294 1.68035
174.637 19.428 1.68172
174.627 19.5142 1.68297
174.618 19.597 1.68419
174.611 19.6536 1.68515
174.606 19.7012 1.68602
174.602 19.7336 1.68673
174.599 19.7585 1.68736
174.595 19.7932 1.68808
174.59 19.8324 1.68874
174.584 19.8832 1.68942
174.578 19.933 1.69
174.571 19.9964 1.69041
174.563 20.0581 1.69053
174.555 20.1258 1.69021
174.547 20.1906 1.68933
174.541 20.2453 1.68802
174.534 20.3019 1.68595
174.529 20.3477 1.68387
174.522 20.4073 1.68047
174.515 20.4743 1.67599
174.506 20.5662 1.66927
174.497 20.6557 1.66249
174.488 20.7512 1.65519
174.482 20.8319 1.64905
174.476 20.9095 1.64317
174.473 20.9555 1.63983
174.471 20.9787 1.63829
174.471 20.9784 1.63866
174.471 20.9789 1.63894
174.471 20.9781 1.63934
174.471 20.9781 1.63967
174.471 20.9805 1.63981
174.47 20.9954 1.63896
174.468 21.0214 1.63724
174.466 21.0493 1.63539
174.465 21.0661 1.63441
174.465 21.0731 1.63419
174.465 21.0722 1.63458
174.465 21.0722 1.63491
174.464 21.0787 1.63473
174.462 21.1122 1.63248
174.459 21.1685 1.62848
174.454 21.263 1.62157
174.449 21.3728 1.61348
174.443 21.5321 1.60162
174.438 21.705 1.58884
174.436 21.9358 1.5718
174.438 22.1998 1.55236
174.445 22.4563 1.53349
174.46 22.768 1.51046
174.48 23.0649 1.48859
174.513 23.4168 1.46349
174.552 23.7466 1.44146
174.608 24.1389 1.41753
174.668 24.5044 1.39654
174.749 24.9423 1.3745
174.834 25.3489 1.35731
174.94 25.8239 1.3405
175.059 26.3153 1.32485
175.176 26.7668 1.31071
175.319 27.2895 1.29435
175.457 27.7649 1.27981
175.623 28.3048 1.26313
175.781 28.7885 1.24823
175.97 29.3404 1.23123
176.147 29.8306 1.21602
176.356 30.3819 1.19869
176.55 30.8689 1.18296
176.776 31.4095 1.16515
177.009 31.9402 1.14751
177.221 32.4017 1.13155
177.464 32.9093 1.11355
177.685 33.3508 1.09778
177.936 33.8316 1.08035
178.161 34.2459 1.06555
178.412 34.6933 1.05003
178.632 35.0717 1.03698
178.877 35.4791 1.02315
179.096 35.8351 1.01239
179.343 36.2254 1.00221
179.592 36.6126 0.9958
179.816 36.9575 0.995131
180.062 37.3381 0.998317
180.272 37.6643 1.0023
180.498 38.0193 1.00782
180.682 38.3129 1.01492
180.87 38.6183 1.02443
181.024 38.8736 1.03453
181.178 39.1376 1.04927
181.297 39.3462 1.06203
181.422 39.5731 1.07583
181.549 39.8126 1.09047
181.662 40.0325 1.10443
181.79 40.2914 1.12191
181.903 40.5311 1.13815
182.027 40.8051 1.15643
182.133 41.0498 1.17257
182.246 41.3244 1.19049
182.326 41.529 1.20304
182.39 41.6949 1.21112
182.456 41.8747 1.22305
182.536 42.1 1.24241
182.604 42.3061 1.25806
182.663 42.4889 1.26876
182.723 42.6852 1.27843
182.771 42.8467 1.28576
182.81 42.981 1.29162
182.834 43.0645 1.29529
182.864 43.1731 1.29998
182.896 43.2869 1.30513
182.932 43.4213 1.31146
182.967 43.5569 1.31781
183.014 43.7408 1.3265
183.069 43.9631 1.33794
183.11 44.1402 1.3478
183.144 44.2956 1.35648
183.178 44.4542 1.36521
183.222 44.6707 1.3773
183.256 44.8444 1.38709
183.284 44.9988 1.39544
183.307 45.1319 1.40239
183.334 45.2906 1.41077
183.368 45.5099 1.42165
183.401 45.7352 1.43235
183.435 45.9904 1.444
183.465 46.2327 1.455
183.498 46.536 1.46843
183.525 46.8138 1.48062
183.551 47.1116 1.49304
183.568 47.348 1.50253
183.584 47.5858 1.51195
183.594 47.7639 1.51901
183.602 47.9361 1.52556
183.608 48.0773 1.53075
183.614 48.2364 1.53622
183.62 48.4083 1.54158
183.625 48.5812 1.54643
183.63 48.8028 1.55106
183.634 49.0237 1.55206
183.64 49.2978 1.54797
183.647 49.5613 1.53777
183.66 49.8815 1.51858
183.679 50.1848 1.49588
183.712 50.5513 1.46454
183.753 50.8972 1.43213
183.817 51.2968 1.38804
183.897 51.6823 1.33991
183.975 51.9915 1.30157
184.06 52.2814 1.26639
184.129 52.492 1.24201
184.195 52.6786 1.22202
184.249 52.8236 1.20623
184.321 53.0078 1.18308
184.398 53.1894 1.15618
184.5 53.4107 1.11896
184.607 53.6217 1.08097
184.749 53.8757 1.03424
184.915 54.1407 0.986375
185.094 54.3993 0.942476
185.326 54.7045 0.894977
185.562 54.9886 0.857443
185.861 55.323 0.824772
186.144 55.6233 0.805617
186.483 55.9704 0.789164
186.802 56.2892 0.780623
187.16 56.6419 0.776647
187.483 56.959 0.777892
187.857 57.3277 0.782363
188.229 57.6985 0.787453
188.555 58.0273 0.792517
188.923 58.4022 0.800849
189.249 58.7415 0.812075
189.605 59.1212 0.827933
189.917 59.4659 0.843167
190.253 59.8485 0.859723
190.543 60.1881 0.874243
190.861 60.5733 0.889306
191.141 60.922 0.901654
191.452 61.319 0.913674
191.764 61.7269 0.925534
192.044 62.1022 0.936052
192.365 62.5418 0.946408
192.654 62.9448 0.95442
192.989 63.4225 0.965965
193.291 63.8639 0.980462
193.628 64.3753 0.999925
193.917 64.8324 1.01582
194.237 65.3565 1.03477
194.503 65.8112 1.05269
194.776 66.2987 1.0718
195.04 66.7924 1.09077
195.266 67.233 1.10697
195.513 67.7351 1.12303
195.727 68.1858 1.13585
195.962 68.6986 1.14966
196.169 69.167 1.16148
196.4 69.7053 1.17322
196.601 70.1892 1.18159
196.828 70.7464 1.18874
197.03 71.2513 1.19507
197.257 71.8289 1.20062
197.483 72.4123 1.20342
197.683 72.9313 1.2051
197.907 73.5155 1.20624
198.106 74.0355 1.20566
198.332 74.6205 1.20262
198.531 75.1333 1.2
198.754 75.7007 1.19618
198.952 76.2001 1.19283
199.174 76.7541 1.18886
199.369 77.2372 1.18593
199.592 77.7816 1.18272
199.814 78.3201 1.18003
200.011 78.7979 1.179
200.235 79.3365 1.17859
200.435 79.8195 1.18109
200.656 80.3592 1.18778
200.846 80.8324 1.19659
201.049 81.3557 1.20929
201.221 81.8152 1.22531
201.399 82.323 1.24975
201.54 82.7646 1.28004
201.677 83.2508 1.32266
201.79 83.7389 1.37711
201.863 84.162 1.43184
201.916 84.6185 1.49206
201.939 85.0199 1.5464
201.938 85.4596 1.60979
201.915 85.8335 1.66773
201.863 86.2476 1.73648
201.793 86.6082 1.80257
201.688 86.9967 1.88368
201.573 87.3185 1.96121
201.417 87.6609 2.05019
201.224 87.9996 2.14231
201.033 88.2768 2.22275
200.793 88.5674 2.31203
200.562 88.8037 2.39096
200.275 89.0524 2.48103
200.006 89.2479 2.56058
199.696 89.4356 2.64652
199.404 89.5817 2.72467
199.063 89.7179 2.81165
198.774 89.8074 2.88426
198.448 89.8817 2.9639
198.118 89.9297 3.04319
197.838 89.9496 3.11083
197.524 89.9493 -3.09724
197.272 89.9318 -3.036
197.013 89.8976 -2.97316
196.801 89.8569 -2.92039
196.564 89.7974 -2.8629
196.336 89.7269 -2.81159
196.05 89.6211 -2.75658
195.775 89.5041 -2.71415
195.448 89.3485 -2.6775
195.136 89.188 -2.65122
194.769 88.9875 -2.62845
194.38 88.7656 -2.61246
194.024 88.5554 -2.60321
193.606 88.3054 -2.59769
193.226 88.0749 -2.59306
192.793 87.81 -2.5891
192.399 87.5672 -2.58624
191.949 87.288 -2.58599
191.539 87.0341 -2.58611
191.079 86.7495 -2.58643
190.669 86.4961 -2.58606
190.212 86.2126 -2.58585
189.759 85.9324 -2.58567
189.363 85.6864 -2.58511
188.938 85.4225 -2.58322
188.596 85.2087 -2.58063
188.242 84.9861 -2.57887
187.922 84.7847 -2.57716
187.566 84.5589 -2.57507
187.248 84.3565 -2.57191
186.905 84.1365 -2.56802
186.571 83.9204 -2.56387
186.273 83.7261 -2.55987
185.93 83.4994 -2.55546
185.615 83.2899 -2.55063
185.262 83.0523 -2.54472
184.953 82.8415 -2.53932
184.608 82.6036 -2.53416
184.288 82.3803 -2.5288
183.913 82.116 -2.52356
183.561 81.8651 -2.51909
183.149 81.5687 -2.51491
182.755 81.2827 -2.51107
182.298 80.9488 -2.50728
181.814 80.5921 -2.50273
181.372 80.2623 -2.49659
180.861 79.8761 -2.48968
180.396 79.5197 -2.48332
179.872 79.1128 -2.47711
179.4 78.7416 -2.47245
178.857 78.3118 -2.46916
178.372 77.9252 -2.46702
177.813 77.4783 -2.46602
177.307 77.0733 -2.46565
176.731 76.6118 -2.46562
176.142 76.1397 -2.46538
175.613 75.7153 -2.46491
175.012 75.2337 -2.46452
174.476 74.803 -2.46365
173.875 74.3184 -2.46128
173.357 73.8986 -2.45825
172.787 73.4335 -2.45552
172.296 73.0311 -2.45356
171.761 72.591 -2.45194
171.297 72.2083 -2.45114
170.792 71.7912 -2.45063
170.303 71.3867 -2.44921
169.882 71.0375 -2.44719
169.426 70.6572 -2.44504
169.036 70.3308 -2.44291
168.613 69.9745 -2.43982
168.251 69.6675 -2.43598
167.865 69.3375 -2.43048
167.536 69.0524 -2.42434
167.177 68.7375 -2.41584
166.871 68.4637 -2.40659
166.552 68.1731 -2.3958
166.257 67.8978 -2.38438
166.012 67.6635 -2.37309
165.738 67.3962 -2.35924
165.493 67.15 -2.34616
165.211 66.8585 -2.33097
164.961 66.592 -2.31754
164.706 66.3137 -2.30454
164.505 66.0881 -2.29436
164.29 65.8426 -2.28358
164.109 65.6314 -2.27439
163.904 65.3883 -2.26427
163.685 65.1219 -2.25339
163.479 64.8667 -2.24317
163.253 64.5799 -2.23219
163.078 64.3535 -2.22394
162.914 64.1375 -2.21483
162.792 63.9737 -2.20537
162.671 63.8071 -2.19412
162.569 63.6651 -2.18348
162.457 63.5032 -2.17055
162.346 63.3392 -2.1574
162.209 63.1301 -2.14095
162.055 62.8845 -2.12374
161.906 62.6407 -2.11161
161.728 62.3419 -2.10263
161.579 62.0873 -2.10116
161.423 61.822 -2.10333
161.281 61.5813 -2.10545
161.122 61.3151 -2.10837
160.979 61.0747 -2.11112
160.81 60.7952 -2.11433
160.654 60.5368 -2.11724
160.466 60.2287 -2.12009
160.269 59.9075 -2.122
160.082 59.6047 -2.12341
159.857 59.2411 -2.12514
159.645 58.8984 -2.12675
159.388 58.4869 -2.12886
159.145 58.0977 -2.13094
158.856 57.6384 -2.13346
158.583 57.2059 -2.13588
158.258 56.6958 -2.13917
157.954 56.2211 -2.14232
157.607 55.684 -2.14611
157.26 55.1515 -2.14977
156.954 54.6848 -2.15272
156.617 54.1738 -2.15572
156.325 53.7352 -2.15803
156.006 53.2568 -2.15992
155.73 52.8449 -2.16125
155.426 52.3915 -2.16294
155.153 51.986 -2.16398
154.844 51.528 -2.1634
154.558 51.1032 -2.15967
154.227 50.6033 -2.15109
153.898 50.0961 -2.13893
153.603 49.6287 -2.12499
153.274 49.0882 -2.10758
152.989 48.6007 -2.09143
152.671 48.0368 -2.07205
152.4 47.5321 -2.05433
152.101 46.9509 -2.03362
151.845 46.4269 -2.01536
151.569 45.8361 -1.99545
151.332 45.3 -1.97787
151.078 44.6977 -1.95869
150.832 44.0825 -1.94086
150.624 43.535 -1.92652
150.396 42.9099 -1.9109
150.2 42.3445 -1.89739
149.986 41.7017 -1.884
149.802 41.1229 -1.87345
149.6 40.4672 -1.86238
149.426 39.8808 -1.85478
149.235 39.217 -1.84814
149.067 38.6239 -1.84228
148.881 37.9496 -1.83725
148.695 37.2695 -1.83808
148.527 36.6613 -1.8447
148.328 35.9686 -1.85723
148.141 35.3454 -1.86974
147.916 34.6318 -1.88374
147.704 33.9895 -1.89443
147.455 33.2573 -1.90312
147.224 32.5941 -1.90932
146.955 31.8404 -1.91671
146.709 31.1645 -1.92318
146.426 30.4021 -1.93045
146.137 29.6426 -1.93771
145.877 28.9715 -1.94426
145.581 28.225 -1.95116
145.318 27.5709 -1.95557
145.026 26.8551 -1.95965
144.775 26.2457 -1.96369
144.5 25.5863 -1.96854
144.263 25.0262 -1.97274
144.003 24.4174 -1.97767
143.777 23.8961 -1.98173
143.528 23.3297 -1.98634
143.282 22.7745 -1.99004
143.067 22.2952 -1.99305
142.825 21.7585 -1.99637
142.608 21.2825 -1.99899
142.365 20.7514 -2.00202
142.147 20.2802 -2.00455
141.899 19.7468 -2.00747
141.678 19.2746 -2.01004
141.427 18.7436 -2.01315
141.202 18.2701 -2.01663
140.945 17.7358 -2.02365
140.683 17.2047 -2.03462
140.442 16.7298 -2.04743
140.156 16.186 -2.06409
139.891 15.7015 -2.08124
139.581 15.1605 -2.10339
139.292 14.6812 -2.12418
138.953 14.1452 -2.14779
138.635 13.6665 -2.16929
138.257 13.1258 -2.19512
137.905 12.6476 -2.21849
137.485 12.1067 -2.24589
137.036 11.5607 -2.27453
136.619 11.08 -2.30019
136.126 10.5425 -2.32994
135.666 10.0697 -2.35688
135.131 9.54996 -2.38744
134.639 9.0991 -2.41502
134.069 8.60613 -2.44682
133.547 8.18236 -2.47508
132.948 7.7248 -2.50718
132.411 7.33975 -2.53526
131.808 6.93407 -2.56549
131.202 6.5511 -2.59391
130.663 6.2301 -2.61737
130.057 5.88815 -2.63882
129.525 5.59952 -2.65122
128.939 5.2894 -2.65684
128.445 5.02956 -2.65723
127.914 4.74985 -2.65711
127.461 4.51156 -2.65684
126.972 4.25373 -2.65638
126.562 4.03775 -2.65589
126.127 3.80793 -2.65532
125.724 3.59492 -2.65475
125.384 3.41515 -2.65422
125.029 3.22662 -2.65363
124.727 3.0661 -2.65305
124.408 2.89651 -2.65231
124.144 2.75579 -2.65186
123.866 2.60777 -2.65146
123.638 2.48612 -2.65107
123.422 2.37065 -2.65067
123.26 2.28397 -2.65039
123.103 2.20008 -2.65025
122.975 2.13176 -2.65015
122.893 2.08737 -2.64999
122.831 2.05414 -2.64983
122.8 2.03788 -2.64963
122.791 2.03279 -2.64942
122.794 2.03447 -2.64922
122.794 2.03451 -2.64902
122.795 2.03502 -2.64882
122.796 2.0353 -2.64862
122.787 2.03044 -2.64842
122.765 2.01904 -2.64821
122.735 2.00271 -2.64794
122.687 1.97655 -2.64765
122.633 1.9478 -2.64736
122.568 1.91241 -2.6469
122.504 1.87785 -2.64623
122.421 1.83323 -2.64513
122.345 1.79199 -2.64392
122.261 1.74612 -2.64256
122.182 1.70298 -2.64122
122.084 1.64943 -2.63958
121.979 1.59162 -2.63781
121.892 1.54375 -2.6363
121.816 1.50147 -2.6348
121.769 1.47526 -2.63362
121.739 1.45841 -2.63256
121.725 1.45077 -2.63179
121.717 1.44633 -2.6312
121.715 1.44534 -2.63087
121.717 1.4461 -2.6307
121.717 1.44636 -2.63045
121.713 1.44371 -2.6295
121.69 1.4311 -2.62591
121.649 1.40773 -2.61937
121.571 1.36218 -2.60648
121.471 1.30177 -2.58974
121.343 1.22107 -2.56896
121.227 1.14542 -2.5507
121.093 1.05356 -2.52982
120.975 0.96924 -2.51177
120.841 0.869475 -2.49186
120.729 0.78366 -2.47605
120.635 0.708368 -2.46326
120.563 0.649952 -2.45417
120.52 0.614849 -2.44899
120.504 0.600909 -2.44684
120.507 0.603845 -2.44698
120.506 0.603069 -2.44663
120.508 0.604316 -2.44656
120.508 0.604548 -2.44635
120.509 0.604792 -2.44617
120.505 0.601767 -2.44578
120.496 0.594186 -2.44513
120.48 0.581129 -2.4443
120.465 0.567832 -2.44365
120.446 0.552068 -2.44318
120.43 0.538676 -2.44303
120.413 0.524866 -2.44334
120.397 0.5107 -2.44421
120.366 0.485312 -2.44731
120.324 0.450357 -2.45375
120.26 0.398136 -2.46684
120.18 0.335065 -2.48645
120.095 0.271035 -2.50998
119.983 0.191857 -2.54235
119.865 0.113781 -2.57518
119.701 0.0140438 -2.61901
119.537 -0.0765078 -2.66144
119.338 -0.174878 -2.71163
119.155 -0.254223 -2.75604
118.945 -0.334529 -2.80419
118.752 -0.398381 -2.84578
118.528 -0.461621 -2.8923
118.288 -0.517249 -2.94055
118.055 -0.559866 -2.98601
117.764 -0.598317 -3.03985
117.475 -0.621409 -3.08946
117.12 -0.630929 3.13733
116.781 -0.621894 3.08654
116.366 -0.588258 3.02916
115.975 -0.535295 2.9796
115.513 -0.44851 2.92728
115.08 -0.345127 2.88251
114.567 -0.196815 2.83229
114.024 -0.00947621 2.78286
113.522 0.189039 2.74307
112.936 0.447911 2.70454
112.404 0.705258 2.67549
111.793 1.02143 2.6516
111.251 1.31586 2.63477
110.634 1.6643 2.61983
110.075 1.98857 2.61262
109.456 2.35208 2.60838
108.905 2.67835 2.60663
108.279 3.04911 2.60796
107.65 3.41961 2.61109
107.084 3.75075 2.61539
106.443 4.12069 2.62256
105.87 4.44587 2.62987
105.212 4.81189 2.63889
104.635 5.12684 2.64743
103.969 5.48149 2.65898
103.371 5.79126 2.67117
102.69 6.1324 2.6853
102.077 6.42949 2.69768
101.38 6.7561 2.71171
100.674 7.07426 2.72719
100.042 7.34781 2.74099
99.3249 7.64581 2.75732
98.6764 7.9026 2.77546
97.9515 8.17206 2.79992
97.3165 8.39095 2.82303
96.592 8.62075 2.84966
95.9476 8.80713 2.87489
95.2366 8.99061 2.90896
94.604 9.13076 2.94368
93.9107 9.25765 2.98255
93.3335 9.34214 3.01472
92.7382 9.4095 3.04761
92.1841 9.45436 3.07811
91.7481 9.4778 3.10101
91.2873 9.49197 3.12411
90.8911 9.49554 -3.13872
90.4572 9.49022 -3.11682
90.0755 9.47782 -3.09842
89.6438 9.45558 -3.07926
89.2537 9.42877 -3.06432
88.793 9.39 -3.04851
88.3138 9.34224 -3.03387
87.865 9.29144 -3.02162
87.3422 9.22565 -3.00956
86.8574 9.15973 -3.00228
86.2845 9.07825 -2.99681
85.7521 8.9995 -2.99136
85.1439 8.90672 -2.98836
84.575 8.81844 -2.98544
83.9193 8.71438 -2.98198
83.3353 8.62002 -2.97961
82.656 8.50833 -2.9764
81.9768 8.39464 -2.97406
81.3739 8.29224 -2.97136
80.7006 8.17591 -2.9684
80.1061 8.07141 -2.96565
79.4485 7.9539 -2.96263
78.8664 7.84805 -2.95946
78.2147 7.72727 -2.95604
77.6372 7.61831 -2.95292
76.9824 7.49255 -2.94955
76.4023 7.37935 -2.9472
75.742 7.24905 -2.94524
75.1531 7.13166 -2.94343
74.4859 6.9975 -2.94195
73.8098 6.86075 -2.94142
73.206 6.7386 -2.94178
72.5173 6.59967 -2.94254
71.9002 6.47574 -2.94354
71.1972 6.33543 -2.94492
70.5648 6.21015 -2.94654
69.85 6.07003 -2.94883
69.2073 5.94547 -2.95086
68.4718 5.80475 -2.9536
67.7331 5.66556 -2.95648
67.0686 5.54223 -2.9591
66.3109 5.4039 -2.96232
65.6372 5.28298 -2.96515
64.8711 5.148 -2.96842
64.189 5.02987 -2.97115
63.4273 4.90045 -2.97475
62.7591 4.78918 -2.97773
62.0262 4.66952 -2.9812
61.3788 4.56608 -2.98443
60.6597 4.45373 -2.98804
60.0226 4.35633 -2.99099
59.2979 4.24795 -2.99468
58.5723 4.14242 -2.99906
57.9205 4.05035 -3.00281
57.1755 3.94822 -3.00723
56.5094 3.8597 -3.01109
55.7538 3.76255 -3.01568
55.0756 3.67827 -3.01955
54.3104 3.58643 -3.02406
53.6261 3.50724 -3.02796
52.851 3.42075 -3.03216
52.1567 3.34585 -3.03524
51.3702 3.26353 -3.03865
50.5809 3.18372 -3.04208
49.8714 3.11403 -3.04422
49.0704 3.03705 -3.04639
48.3546 2.96972 -3.04836
47.5399 2.89503 -3.05105
46.8085 2.82972 -3.05301
45.9765 2.75713 -3.05529
45.223 2.69315 -3.05761
44.3704 2.62294 -3.0604
43.599 2.56142 -3.06277
42.73 2.49445 -3.06585
41.8517 2.42964 -3.06917
41.0653 2.37401 -3.07198
40.1753 2.31357 -3.07461
39.3756 2.26105 -3.07654
38.4833 2.20434 -3.0789
37.6855 2.15527 -3.08025
36.7912 2.1011 -3.0809
36.0016 2.05374 -3.0815
35.1193 2.00153 -3.08241
34.3445 1.95627 -3.0831
33.4771 1.90614 -3.0837
32.6297 1.85798 -3.08544
31.8855 1.81732 -3.08761
31.0577 1.77349 -3.08873
30.3358 1.736 -3.08986
29.5396 1.69573 -3.09121
28.8497 1.6615 -3.09186
28.0889 1.62444 -3.09318
27.4107 1.59226 -3.09424
26.6487 1.55697 -3.09535
25.9671 1.52597 -3.09593
25.1968 1.49143 -3.09649
24.4227 1.45662 -3.09528
23.7287 1.42414 -3.09309
22.9486 1.38588 -3.0908
22.2498 1.35007 -3.08864
21.453 1.3072 -3.08551
20.7413 1.26663 -3.08233
19.9277 1.2175 -3.07886
19.1976 1.17096 -3.07559
18.3734 1.11559 -3.07195
17.6376 1.06349 -3.06848
16.8089 1.0019 -3.06494
15.9712 0.936686 -3.06161
15.2226 0.876057 -3.05878
14.3726 0.805139 -3.05696
13.6124 0.740482 -3.05544
12.7596 0.666827 -3.05471
12.0014 0.601399 -3.05581
11.1529 0.52955 -3.05778
10.4019 0.467365 -3.05962
9.56212 0.399916 -3.06311
8.82221 0.343466 -3.06769
7.9945 0.284841 -3.07429
7.1704 0.232774 -3.08296
6.43694 0.192559 -3.09091
5.60814 0.154301 -3.10027
4.87243 0.12688 -3.10866
4.04021 0.103346 -3.1182
3.30451 0.089103 -3.1265
2.46948 0.0801207 -3.13468
1.73334 0.0770715 -3.14003
0.902995 0.0783682 3.13713
0.160808 0.0835365 3.13258
-0.675526 0.0927325 3.12933
-1.51184 0.10451 3.1261
-2.25581 0.117243 3.1234
-3.08834 0.133884 3.1205
-3.8332 0.150411 3.1191
-4.66412 0.169831 3.11811
-5.39992 0.187547 3.11782
-6.22202 0.207508 3.11759
-6.94571 0.225371 3.11698
-7.76036 0.246315 3.11546
-8.48945 0.26608 3.11429
-9.30747 0.289334 3.11278
-10.1264 0.313871 3.11127
-10.852 0.336594 3.11017
-11.6687 0.363013 3.10911
-12.3927 0.387242 3.10807
-13.2135 0.415445 3.10731
-13.9446 0.441095 3.10651
-14.7662 0.470881 3.10506
-15.4996 0.498504 3.10376
-16.3318 0.531019 3.10217
-17.0742 0.56123 3.10058
-17.9196 0.597159 3.0985
-18.7652 0.634981 3.09616
-19.5223 0.670486 3.0942
-20.3774 0.712512 3.09166
-21.1446 0.751989 3.08965
-22.0079 0.798283 3.08724
-22.7811 0.841479 3.08559
-23.651 0.891349 3.08376
-24.4285 0.937657 3.08154
-25.306 0.991495 3.08026
-26.0878 1.04025 3.07952
-26.9702 1.09607 3.07859
-27.8537 1.15269 3.07796
-28.6414 1.20357 3.07751
-29.5315 1.26142 3.07733
-30.3201 1.31264 3.07752
-31.2113 1.37029 3.07812
-32.0034 1.42065 3.07979
-32.8949 1.47545 3.08263
-33.6926 1.52138 3.08818
-34.5871 1.56609 3.09829
-35.3798 1.59693 3.11064
-36.2697 1.61827 3.12854
-37.1407 1.62304 -3.13611
-37.8939 1.61428 -3.12078
-38.7284 1.59187 -3.10637
-39.4556 1.56357 -3.09737
-40.2655 1.52627 -3.09274
-40.9807 1.49134 -3.09201
-41.7785 1.45315 -3.09543
-42.4839 1.42287 -3.102
-43.2772 1.39563 -3.11311
-43.981 1.37985 -3.12622
-44.7711 1.37433 3.13907
-45.5576 1.38328 3.12037
-46.2498 1.40339 3.10382
-47.0215 1.43934 3.08547
-47.6999 1.48237 3.07024
-48.4538 1.54245 3.05317
-49.117 1.60577 3.03901
-49.8472 1.68647 3.02332
-50.4904 1.76717 3.00948
-51.1985 1.86648 2.99452
-51.8198 1.96227 2.98214
-52.5081 2.07771 2.96807
-53.1881 2.20169 2.95364
-53.7788 2.31767 2.94117
-54.4445 2.45752 2.92717
-55.0282 2.58834 2.91422
-55.6946 2.74724 2.90069
-56.2889 2.89631 2.89059
-56.9639 3.07337 2.87904
-57.5667 3.23865 2.86827
-58.2464 3.43341 2.85643
-58.8531 3.61437 2.8465
-59.5288 3.82376 2.83507
-60.1996 4.04014 2.82341
-60.7865 4.2365 2.8135
-61.4367 4.46161 2.80252
-62.0084 4.66618 2.79268
-62.6449 4.90154 2.78157
-63.2062 5.11575 2.7717
-63.8406 5.36565 2.76027
-64.4012 5.59354 2.74966
-65.0267 5.85667 2.73576
-65.5833 6.09987 2.72235
-66.2108 6.38522 2.70557
-66.8381 6.68368 2.68796
-67.3891 6.95727 2.67165
-68.0003 7.27477 2.65079
-68.5299 7.56403 2.63
-69.0981 7.8912 2.60577
-69.5845 8.18631 2.58425
-70.1101 8.52201 2.55948
-70.5598 8.82436 2.53741
-71.0444 9.16678 2.51296
-71.4551 9.47137 2.49147
-71.9072 9.82302 2.46704
-72.3531 10.1878 2.44231
-72.7425 10.5218 2.4202
-73.1791 10.9147 2.39485
-73.5641 11.2784 2.37123
-73.9908 11.703 2.34359
-74.3631 12.0929 2.31945
-74.7814 12.5546 2.29144
-75.1478 12.9814 2.26573
-75.5436 13.4693 2.23554
-75.8827 13.913 2.20768
-76.2546 14.4307 2.17602
-76.6109 14.9622 2.1424
-76.9153 15.4514 2.10734
-77.2395 16.0214 2.063
-77.5094 16.5482 2.02008
-77.791 17.1666 1.97065
-78.0175 17.7331 1.92588
-78.2439 18.389 1.8751
-78.4133 18.9668 1.83157
-78.573 19.6203 1.78405
-78.6875 20.1992 1.7434
-78.7878 20.8486 1.7
-78.8596 21.4958 1.65799
-78.901 22.0765 1.6217
-78.9226 22.7351 1.58084
-78.9193 23.3249 1.5455
-78.8913 23.9949 1.5095
-78.8466 24.599 1.48164
-78.7767 25.2864 1.45546
-78.7011 25.8945 1.43738
-78.6039 26.5785 1.4202
-78.5077 27.1851 1.40539
-78.39 27.8594 1.38889
-78.2617 28.5294 1.37253
-78.1379 29.1252 1.35737
-77.9868 29.7969 1.33974
-77.8417 30.3952 1.32414
-77.6672 31.0657 1.30636
-77.501 31.6626 1.29018
-77.3036 32.3284 1.27381
-77.1184 32.9215 1.26122
-76.8997 33.5909 1.24732
-76.6976 34.183 1.23515
-76.4602 34.8511 1.22246
-76.2157 35.5134 1.2109
-75.9946 36.0936 1.2017
-75.7457 36.7299 1.19398
-75.5288 37.2738 1.18813
-75.2885 37.8659 1.18191
-75.0788 38.3743 1.17665
-74.846 38.9297 1.17059
-74.6376 39.4187 1.1646
-74.3961 39.9741 1.15532
-74.173 40.473 1.14349
-73.9116 41.0368 1.12797
-73.6342 41.6103 1.11078
-73.3742 42.1259 1.09501
-73.0664 42.7112 1.0766
-72.781 43.2318 1.06014
-72.4417 43.8258 1.04183
-72.1249 44.3589 1.02573
-71.7509 44.9648 1.00859
-71.405 45.5059 0.99363
-70.9976 46.1214 0.977735
-70.622 46.6717 0.964676
-70.1793 47.3013 0.950034
-69.7208 47.9336 0.935374
-69.2997 48.4977 0.922518
-68.8143 49.1297 0.908013
-68.373 49.6884 0.895408
-67.8656 50.3135 0.881373
-67.4096 50.8604 0.86882
-66.8944 51.4615 0.85459
-66.4307 51.9883 0.842219
-65.9098 52.5647 0.828726
-65.4513 53.0594 0.816802
-64.9463 53.5906 0.803874
-64.446 54.1038 0.791495
-63.997 54.554 0.781092
-63.4862 55.055 0.769694
-63.0163 55.5068 0.76205
-62.4802 56.0156 0.756997
-61.9869 56.4809 0.756697
-61.4227 57.015 0.761143
-60.9223 57.4948 0.770381
-60.3559 58.0525 0.788865
-59.8648 58.5561 0.811556
-59.3325 59.132 0.843242
-58.8345 59.7103 0.883041
-58.4354 60.2136 0.924796
-58.044 60.7566 0.9749
-57.7414 61.2221 1.02089
-57.4468 61.7275 1.07169
-57.2119 62.1787 1.11618
-56.9722 62.6975 1.16609
-56.7804 63.1697 1.20936
-56.5854 63.7169 1.25094
-56.4268 64.2155 1.27691
-56.2599 64.7854 1.29647
-56.1011 65.3624 1.30918
-55.9644 65.8797 1.31689
-55.8138 66.466 1.32311
-55.6824 66.9888 1.3264
-55.5345 67.5803 1.32474
-55.3996 68.1126 1.32053
-55.2418 68.7223 1.31415
-55.0964 69.2687 1.30669
-54.9257 69.8874 1.29595
-54.7653 70.4458 1.28573
-54.5759 71.0793 1.27391
-54.3774 71.7145 1.26134
-54.1912 72.2863 1.24997
-53.9728 72.9304 1.23712
-53.7698 73.5061 1.22593
-53.5302 74.1611 1.21391
-53.3112 74.7401 1.20375
-53.0545 75.3974 1.19335
-52.8205 75.9816 1.18628
-52.5529 76.6356 1.17844
-52.3091 77.2195 1.1721
-52.029 77.8783 1.16549
-51.7413 78.5426 1.15901
-51.4842 79.1268 1.15344
-51.1896 79.7855 1.14712
-50.9233 80.3719 1.14195
-50.6201 81.0298 1.13618
-50.3463 81.6155 1.13104
-50.0329 82.2761 1.12438
-49.7502 82.8614 1.11671
-49.4222 83.5242 1.10492
-49.1212 84.1143 1.09217
-48.7703 84.7776 1.07455
-48.4013 85.4446 1.05504
-48.0613 86.0331 1.03714
-47.6574 86.702 1.01681
-47.2833 87.2959 0.998944
-46.8432 87.9653 0.977976
-46.4382 88.5551 0.958471
-45.9628 89.2172 0.936437
-45.523 89.8042 0.917798
-45.0114 90.4601 0.89809
-44.5417 91.0411 0.883106
-43.9995 91.6915 0.868045
-43.4469 92.3354 0.855277
-42.9403 92.9131 0.846564
-42.3581 93.5658 0.838257
-41.8288 94.1501 0.831194
-41.2202 94.8124 0.824801
-40.6735 95.4015 0.821485
-40.051 96.0682 0.818688
-39.4951 96.6619 0.819497
-38.8703 97.3332 0.825109
-38.321 97.9316 0.833615
-37.7093 98.6119 0.845572
-37.1713 99.2243 0.856567
-36.5708 99.9241 0.868924
-35.9761 100.635 0.881452
-35.4554 101.272 0.892613
-34.8743 102.001 0.905275
-34.3693 102.651 0.916465
-33.8117 103.385 0.92883
-33.3214 104.047 0.940326
-32.7759 104.804 0.95513
-32.3023 105.482 0.969385
-31.7797 106.255 0.985546
-31.3304 106.941 0.999903
-30.8352 107.724 1.01609
-30.3544 108.512 1.03241
-29.9395 109.216 1.04674
-29.4804 110.022 1.06275
-29.0794 110.753 1.07751
-28.6409 111.582 1.0939
-28.2688 112.313 1.1082
-27.8701 113.125 1.12332
-27.5277 113.848 1.13624
-27.1642 114.642 1.14868
-26.815 115.427 1.15655
-26.5185 116.105 1.16193
-26.1944 116.856 1.1671
-25.9048 117.536 1.16993
-25.5663 118.335 1.17166
-25.2525 119.08 1.17341
-24.8875 119.95 1.17479
-24.5567 120.741 1.17499
-24.1767 121.649 1.17496
-23.8314 122.473 1.17435
-23.4362 123.413 1.17171
-23.0276 124.377 1.16823
-22.6584 125.24 1.16531
-22.2434 126.201 1.16152
-21.8778 127.038 1.15735
-21.4679 127.966 1.15241
-21.1013 128.785 1.14836
-20.6895 129.695 1.14318
-20.3227 130.495 1.13902
-19.9082 131.388 1.13449
-19.5389 132.176 1.13055
-19.1181 133.064 1.12656
-18.7396 133.855 1.12328
-18.3124 134.741 1.11994
-17.8775 135.634 1.11643
-17.4937 136.416 1.113
-17.0657 137.28 1.10924
-16.6846 138.042 1.10577
-16.2551 138.893 1.10068
-15.8758 139.635 1.0961
-15.4439 140.469 1.0909
-15.0627 141.197 1.08564
-14.6356 142 1.07832
-14.2534 142.706 1.07194
-13.822 143.491 1.06423
-13.3839 144.273 1.0562
-12.99 144.964 1.04959
-12.5396 145.744 1.0468
-12.1397 146.438 1.05151
-11.6976 147.219 1.06331
-11.3155 147.916 1.07814
-10.8994 148.705 1.09511
-10.5411 149.411 1.10983
-10.1528 150.205 1.12456
-9.81846 150.911 1.13326
-9.44787 151.708 1.13831
-9.07903 152.506 1.13721
-8.74757 153.216 1.13021
-8.36727 154.009 1.11481
-8.01184 154.717 1.09436
-7.59411 155.502 1.06548
-7.19911 156.193 1.03404
-6.73113 156.947 0.992493
-6.28425 157.604 0.94808
-5.75104 158.31 0.894258
-5.24297 158.915 0.846372
-4.64406 159.56 0.792775
-4.01488 160.168 0.739513
-3.43963 160.671 0.691718
-2.77991 161.191 0.637076
-2.19491 161.605 0.590009
-1.54286 162.02 0.53747
-0.976268 162.342 0.489612
-0.351858 162.654 0.431854
0.193809 162.89 0.379159
0.798561 163.113 0.319984
1.32219 163.273 0.267729
1.901 163.416 0.210668
2.46498 163.523 0.158769
2.95092 163.591 0.115382
3.48851 163.642 0.0680854
3.95157 163.665 0.0280323
4.46365 163.669 -0.0157422
4.91117 163.655 -0.0533399
5.40574 163.619 -0.0950374
5.83764 163.571 -0.131674
6.31633 163.499 -0.171889
6.73084 163.42 -0.206393
7.18966 163.316 -0.244336
7.63461 163.197 -0.279286
8.02253 163.081 -0.308547
8.44787 162.939 -0.339073
8.81928 162.804 -0.359248
9.22391 162.649 -0.3709
9.57303 162.512 -0.374371
9.94587 162.365 -0.377466
10.258 162.241 -0.381566
10.5986 162.103 -0.389577
10.9017 161.976 -0.404788
11.2401 161.826 -0.435765
11.5733 161.664 -0.477034
11.8674 161.505 -0.517809
12.195 161.309 -0.568661
12.482 161.117 -0.618381
12.8053 160.873 -0.678925
13.0815 160.64 -0.73275
13.3766 160.36 -0.792164
13.6209 160.101 -0.843734
13.8736 159.802 -0.898983
14.0794 159.532 -0.945825
14.2873 159.23 -0.994686
14.4711 158.934 -1.04054
14.6175 158.675 -1.07831
14.768 158.382 -1.11831
14.8966 158.106 -1.15493
15.0388 157.766 -1.19946
15.159 157.44 -1.24163
15.2829 157.049 -1.29143
15.3819 156.676 -1.33741
15.4772 156.229 -1.39025
15.5453 155.806 -1.43798
15.6001 155.302 -1.49264
15.6289 154.77 -1.54628
15.6313 154.274 -1.58963
15.6101 153.696 -1.62741
15.5736 153.166 -1.65472
15.5145 152.559 -1.68338
15.4483 152.018 -1.70364
15.3619 151.411 -1.72277
15.2742 150.865 -1.73935
15.1647 150.251 -1.75715
15.0591 149.711 -1.77293
14.932 149.116 -1.7918
14.7932 148.522 -1.81154
14.6606 147.999 -1.82903
14.5044 147.428 -1.84882
14.3573 146.928 -1.86775
14.1806 146.37 -1.88941
14.0162 145.885 -1.90858
13.8189 145.34 -1.93045
13.6317 144.855 -1.95017
13.4104 144.315 -1.97223
13.203 143.838 -1.9921
12.9622 143.315 -2.01571
12.709 142.799 -2.04072
12.4741 142.347 -2.06313
12.2022 141.854 -2.08847
11.954 141.428 -2.11101
11.663 140.955 -2.13684
11.397 140.545 -2.15981
11.0893 140.096 -2.18549
10.8056 139.702 -2.20828
10.4754 139.267 -2.23386
10.1736 138.888 -2.25668
9.82162 138.468 -2.28301
9.45462 138.053 -2.30992
9.11909 137.693 -2.33413
8.73025 137.297 -2.3618
8.37433 136.952 -2.38686
7.96433 136.576 -2.4153
7.59352 136.254 -2.4405
7.16762 135.904 -2.46869
6.78492 135.605 -2.49332
6.3521 135.286 -2.5204
5.96368 135.014 -2.54405
5.52333 134.722 -2.57019
5.08468 134.447 -2.59553
4.69537 134.215 -2.61727
4.25839 133.969 -2.641
3.87223 133.762 -2.66166
3.44172 133.543 -2.68434
3.06195 133.361 -2.70412
2.63835 133.168 -2.72559
2.25984 133.004 -2.74304
1.83716 132.83 -2.76074
1.46422 132.683 -2.77403
1.04946 132.526 -2.78557
0.637339 132.375 -2.79321
0.272553 132.243 -2.79758
-0.124395 132.102 -2.80193
-0.474023 131.979 -2.80488
-0.863861 131.843 -2.80742
-1.20904 131.724 -2.80962
-1.60367 131.589 -2.81221
-1.96438 131.466 -2.81446
-2.37971 131.326 -2.81715
-2.75601 131.2 -2.81939
-3.19473 131.054 -2.82176
-3.64787 130.904 -2.82409
-4.06166 130.769 -2.82616
-4.53787 130.614 -2.82859
-4.972 130.474 -2.83061
-5.47371 130.314 -2.83312
-5.9309 130.169 -2.83528
-6.4516 130.005 -2.83791
-6.9249 129.857 -2.83953
-7.46762 129.689 -2.83975
-7.95575 129.536 -2.8383
-8.50828 129.363 -2.83584
-9.07253 129.184 -2.83132
-9.57492 129.022 -2.82606
-10.1439 128.835 -2.81998
-10.6544 128.664 -2.81441
-11.2348 128.465 -2.80817
-11.7474 128.287 -2.80249
-12.3287 128.08 -2.795
-12.8482 127.891 -2.7882
-13.4284 127.675 -2.78064
-13.9446 127.479 -2.77324
-14.5269 127.252 -2.76454
-15.1098 127.019 -2.75513
-15.6247 126.808 -2.74523
-16.1985 126.564 -2.73217
-16.7024 126.342 -2.71854
-17.2592 126.087 -2.70135
-17.7461 125.853 -2.68417
-18.2832 125.583 -2.66313
-18.7523 125.335 -2.64308
-19.2721 125.045 -2.61985
-19.7258 124.779 -2.59918
-20.2311 124.468 -2.576
-20.7383 124.139 -2.5524
-21.1865 123.833 -2.53094
-21.692 123.472 -2.50644
-22.1393 123.136 -2.48432
-22.6428 122.738 -2.4591
-23.0869 122.37 -2.43624
-23.5795 121.941 -2.41041
-24.0011 121.556 -2.38781
-24.4517 121.124 -2.36385
-24.8401 120.735 -2.34341
-25.2613 120.295 -2.3214
-25.6712 119.847 -2.29963
-26.0271 119.442 -2.28018
-26.4185 118.978 -2.25947
-26.7613 118.556 -2.24243
-27.1426 118.069 -2.225
-27.479 117.624 -2.2095
-27.8504 117.117 -2.19247
-28.1755 116.657 -2.17732
-28.5337 116.133 -2.16044
-28.842 115.666 -2.14531
-29.183 115.131 -2.12796
-29.5128 114.593 -2.11088
-29.7963 114.114 -2.09696
-30.1018 113.581 -2.08495
-30.3658 113.111 -2.07717
-30.6565 112.583 -2.06989
-30.9099 112.116 -2.06419
-31.1915 111.59 -2.06
-31.4413 111.12 -2.05685
-31.7238 110.584 -2.05342
-31.9765 110.101 -2.05032
-32.2579 109.558 -2.04727
-32.5404 109.01 -2.0443
-32.7938 108.515 -2.04146
-33.0781 107.954 -2.03846
-33.3306 107.454 -2.03615
-33.6152 106.886 -2.03417
-33.8688 106.379 -2.03242
-34.156 105.801 -2.0311
-34.4148 105.279 -2.0298
-34.7063 104.689 -2.02838
-34.9691 104.155 -2.02702
-35.265 103.552 -2.0259
-35.56 102.949 -2.02516
-35.8223 102.413 -2.0243
-36.1191 101.804 -2.02357
-36.3838 101.26 -2.02301
-36.6816 100.647 -2.02234
-36.9477 100.099 -2.02174
-37.2494 99.476 -2.02136
-37.5174 98.9225 -2.02094
-37.8223 98.292 -2.02042
-38.0949 97.7274 -2.01989
-38.3997 97.0955 -2.01968
-38.7042 96.464 -2.01962
-38.9746 95.9031 -2.01943
-39.2769 95.2759 -2.01986
-39.5438 94.7235 -2.02135
-39.8437 94.1066 -2.02497
-40.1097 93.5649 -2.02935
-40.4111 92.9586 -2.03478
-40.6811 92.4226 -2.03971
-40.9858 91.8257 -2.04591
-41.2605 91.2955 -2.05153
-41.5718 90.7034 -2.05797
-41.8862 90.1146 -2.06443
-42.1683 89.5941 -2.07021
-42.4849 89.0185 -2.07694
-42.7662 88.5144 -2.08272
-43.082 87.9567 -2.08919
-43.3607 87.4715 -2.09484
-43.6745 86.9326 -2.10139
-43.9521 86.4626 -2.10693
-44.2664 85.9376 -2.11331
-44.55 85.4702 -2.11897
-44.8697 84.9505 -2.12564
-45.1948 84.4301 -2.13235
-45.488 83.9671 -2.13828
-45.8217 83.4476 -2.14505
-46.1251 82.9816 -2.15086
-46.4715 82.4569 -2.1577
-46.7847 81.9892 -2.16361
-47.1434 81.46 -2.16895
-47.4647 80.9902 -2.17117
-47.8307 80.4562 -2.17029
-48.1547 79.9813 -2.16761
-48.517 79.447 -2.16458
-48.8413 78.9654 -2.16078
-49.2034 78.4225 -2.15574
-49.5628 77.8776 -2.15061
-49.8835 77.3861 -2.14569
-50.2413 76.8314 -2.13994
-50.5593 76.332 -2.1342
-50.9181 75.7605 -2.12655
-51.2341 75.2482 -2.11883
-51.5862 74.6668 -2.10998
-51.8998 74.139 -2.10198
-52.2479 73.5418 -2.09347
-52.5966 72.9317 -2.08487
-52.9024 72.3866 -2.07721
-53.2455 71.7635 -2.06969
-53.5483 71.2054 -2.06508
-53.8922 70.5647 -2.0601
-54.1948 69.994 -2.0553
-54.5341 69.3465 -2.05035
-54.8344 68.767 -2.04595
-55.1644 68.1229 -2.04138
-55.4593 67.5413 -2.03766
-55.7869 66.8908 -2.03695
-56.0826 66.3051 -2.03967
-56.4193 65.6454 -2.04611
-56.7601 64.9908 -2.0562
-57.071 64.4085 -2.06683
-57.428 63.7582 -2.07957
-57.7516 63.1858 -2.09165
-58.1231 62.5479 -2.10539
-58.4629 61.9815 -2.11739
-58.8548 61.3466 -2.13103
-59.2103 60.7872 -2.14331
-59.6212 60.1588 -2.15713
-59.9955 59.6021 -2.16872
-60.425 58.9796 -2.18126
-60.8623 58.362 -2.19252
-61.261 57.8109 -2.20198
-61.7148 57.1964 -2.21166
-62.1216 56.6555 -2.21979
-62.579 56.0575 -2.22716
-62.9881 55.5289 -2.23077
-63.4448 54.9416 -2.2316
-63.8503 54.4205 -2.23166
-64.3047 53.8366 -2.2314
-64.7079 53.3178 -2.23044
-65.1597 52.7351 -2.22894
-65.6106 52.1513 -2.22646
-66.0102 51.6307 -2.22334
-66.4539 51.049 -2.22023
-66.8378 50.5427 -2.21732
-67.2519 49.9928 -2.21405
-67.6095 49.5149 -2.21114
-67.9938 48.9983 -2.20818
-68.3204 48.5564 -2.2053
-68.6742 48.0748 -2.20205
-68.9758 47.6615 -2.19911
-69.3005 47.2137 -2.19601
-69.6176 46.7736 -2.19278
-69.8972 46.3829 -2.18986
-70.2113 45.9412 -2.18655
-70.4931 45.542 -2.18324
-70.8167 45.0801 -2.17888
-71.1097 44.6574 -2.17302
-71.4401 44.1736 -2.16453
-71.735 43.7336 -2.15595
-72.0658 43.2301 -2.14625
-72.3596 42.7738 -2.13735
-72.6882 42.253 -2.12775
-73.0161 41.7217 -2.1179
-73.3065 41.2414 -2.10929
-73.6283 40.6986 -2.10098
-73.913 40.2099 -2.09384
-74.233 39.6511 -2.0861
-74.5145 39.1512 -2.07915
-74.8292 38.5825 -2.07133
-75.1081 38.069 -2.06343
-75.4174 37.4878 -2.05423
-75.6882 36.9681 -2.04603
-75.9904 36.3751 -2.03594
-76.2877 35.7766 -2.02545
-76.5516 35.2316 -2.01573
-76.8451 34.6084 -2.00354
-77.1013 34.0466 -1.99105
-77.3862 33.3986 -1.97656
-77.6305 32.8218 -1.96344
-77.8915 32.1799 -1.9476
-78.1121 31.6123 -1.93214
-78.347 30.9762 -1.91399
-78.5419 30.4192 -1.89787
-78.7491 29.792 -1.87801
-78.9414 29.1651 -1.85472
-79.0965 28.615 -1.83262
-79.2549 27.9975 -1.80675
-79.3807 27.4493 -1.78161
-79.5036 26.8355 -1.74941
-79.5929 26.3009 -1.71814
-79.6708 25.7117 -1.6804
-79.721 25.1832 -1.64487
-79.7551 24.5893 -1.60644
-79.7664 24.0636 -1.57318
-79.758 23.4613 -1.53525
-79.7258 22.8465 -1.49661
-79.6768 22.296 -1.46187
-79.5975 21.6702 -1.42236
-79.5052 21.1106 -1.38673
-79.3756 20.4757 -1.34677
-79.2379 19.9105 -1.31157
-79.0615 19.2851 -1.27636
-78.8864 18.7307 -1.24948
-78.6659 18.0947 -1.22068
-78.4554 17.5354 -1.19778
-78.2019 16.9051 -1.17631
-77.9267 16.2596 -1.15596
-77.6669 15.6814 -1.1379
-77.3561 15.0236 -1.11799
-77.0667 14.4387 -1.10202
-76.7264 13.7779 -1.08554
-76.4102 13.1869 -1.07086
-76.042 12.5227 -1.05579
-75.7025 11.9301 -1.04264
-75.3085 11.2642 -1.02765
-74.9453 10.6699 -1.0143
-74.5259 10.0047 -0.999521
-74.0942 9.34206 -0.984721
-73.7074 8.76519 -0.973319
-73.2674 8.12479 -0.961859
-72.8683 7.55796 -0.950346
-72.4123 6.92737 -0.936754
-72.0009 6.37306 -0.925887
-71.5346 5.75874 -0.914955
-71.1118 5.2138 -0.904813
-70.6264 4.60172 -0.893577
-70.1867 4.05927 -0.883004
-69.6851 3.45579 -0.868392
-69.1725 2.86004 -0.847521
-68.7174 2.35477 -0.822574
-68.2167 1.8292 -0.792434
-67.7817 1.39737 -0.766643
-67.3028 0.946985 -0.738969
-66.8768 0.566498 -0.714873
-66.3855 0.149954 -0.687657
-65.9286 -0.217409 -0.662448
-65.3967 -0.621663 -0.632906
-64.8968 -0.979283 -0.604199
-64.3138 -1.36913 -0.569145
-63.7139 -1.73871 -0.528562
-63.1726 -2.04263 -0.487942
-62.5487 -2.35652 -0.436714
-61.9807 -2.60731 -0.387637
-61.334 -2.85325 -0.332078
-60.7614 -3.03741 -0.283242
-60.1123 -3.20983 -0.229212
-59.5238 -3.33439 -0.181025
-58.8723 -3.43823 -0.128391
-58.282 -3.50237 -0.0813622
-57.5959 -3.54226 -0.0281818
-56.902 -3.54594 0.0240769
-56.2699 -3.51826 0.0696348
-55.5538 -3.45295 0.117841
-54.9089 -3.36524 0.158079
-54.1759 -3.23401 0.201612
-53.5211 -3.08944 0.237903
-52.776 -2.89547 0.276267
-52.105 -2.69506 0.308649
-51.3405 -2.4392 0.34083
-50.6539 -2.18761 0.364584
-49.881 -1.88443 0.385411
-49.1121 -1.56624 0.401053
-48.4451 -1.28073 0.408606
-47.7122 -0.962843 0.410261
-47.0769 -0.687338 0.408111
-46.3804 -0.389262 0.399494
-45.7648 -0.133719 0.385824
-45.0649 0.142494 0.363314
-44.4338 0.374823 0.340039
-43.7056 0.622105 0.312665
-43.0456 0.827281 0.288021
-42.2868 1.04129 0.259608
-41.5109 1.23634 0.230908
-40.8088 1.39283 0.205583
-40.0071 1.54884 0.17668
-39.2952 1.66725 0.150481
-38.497 1.77676 0.119401
-37.7816 1.85303 0.0901743
-36.9736 1.91332 0.0559778
-36.2378 1.94419 0.0250376
-35.4024 1.95186 -0.00920372
-34.6503 1.9351 -0.037443
-33.7901 1.89143 -0.0648972
-32.9143 1.82578 -0.0844759
-32.1264 1.75454 -0.0953521
-31.2295 1.66554 -0.100772
-30.4199 1.58347 -0.0995491
-29.4978 1.49197 -0.096988
-28.6694 1.41198 -0.0941086
-27.7209 1.32346 -0.0905315
-26.8643 1.2465 -0.0873963
-25.8902 1.16169 -0.0850961
-25.014 1.08732 -0.0831213
-24.0172 1.00458 -0.0812374
-23.0132 0.923278 -0.0790601
-22.1367 0.854223 -0.0768141
-21.1981 0.782461 -0.0745115
-20.4024 0.72341 -0.0722549
-19.5578 0.662774 -0.0697317
-18.8366 0.612768 -0.0672958
-18.0348 0.559431 -0.0638569
-17.3152 0.514253 -0.0599153
-16.4976 0.466366 -0.0554578
-15.7628 0.426474 -0.0513828
-14.9185 0.384307 -0.0466095
-14.0644 0.345899 -0.0415734
-13.2897 0.31468 -0.0373869
-12.3981 0.282501 -0.0331884
-11.5769 0.256043 -0.029739
-10.6046 0.227921 -0.026649
-9.70015 0.204303 -0.0241081
-8.6262 0.178902 -0.0217588
-7.6206 0.157454 -0.0192779
-6.42836 0.135498 -0.015886
-5.32528 0.118922 -0.0125218
-4.04662 0.104499 -0.00791274
-2.73169 0.0964756 -0.00243021
-1.53529 0.0956643 0.0033501
-0.16953 0.103969 0.0113283
1.05997 0.121435 0.0198134
2.47212 0.155841 0.0314542
3.7335 0.199472 0.0397884
5.17222 0.262189 0.0499525
6.46636 0.330876 0.0579969
7.93445 0.420218 0.0657091
9.23516 0.508357 0.0708465
10.6559 0.60946 0.0724271
12.0331 0.709534 0.0738876
13.2046 0.795523 0.073815
14.4666 0.888114 0.0737817
15.5396 0.966701 0.0735602
16.6973 1.05118 0.0733487
17.6732 1.12231 0.0732901
18.7005 1.19686 0.0727528
19.5678 1.25955 0.0727562
20.4925 1.32619 0.0722865
21.2808 1.38251 0.0715879
22.1399 1.44321 0.0707977
22.9801 1.50237 0.0715146
23.7078 1.55454 0.0731456
24.5169 1.61393 0.0752173
25.2317 1.66829 0.0781629
26.037 1.73161 0.0801423
26.7539 1.78912 0.0814849
27.564 1.85526 0.0828511
28.2819 1.91447 0.0824643
29.0833 1.97915 0.0792273
29.7948 2.03414 0.0758131
30.5915 2.0924 0.0702331
31.3875 2.14475 0.0604804
32.1018 2.18375 0.0475501
32.9132 2.21528 0.0287167
33.6389 2.22972 0.00944508
34.4726 2.22777 -0.0164678
35.2195 2.20684 -0.0418342
36.0661 2.15908 -0.0742666
36.8141 2.09193 -0.109033
37.6512 1.98293 -0.154692
38.389 1.85288 -0.199569
39.2013 1.66731 -0.255649
39.9978 1.43583 -0.316701
40.6796 1.19292 -0.374552
41.4295 0.871398 -0.442149
42.0749 0.544624 -0.501743
42.781 0.129579 -0.566433
43.3943 -0.281408 -0.619235
44.0649 -0.784411 -0.671564
44.6486 -1.26622 -0.712199
45.2912 -1.84337 -0.755078
45.8461 -2.38241 -0.789886
46.4437 -3.00565 -0.825938
47.0127 -3.6417 -0.859071
47.4934 -4.21351 -0.887494
48.0031 -4.8573 -0.917728
48.4245 -5.4211 -0.942461
48.8703 -6.04851 -0.965135
49.2261 -6.56994 -0.980455
49.5853 -7.11403 -0.99584
49.8596 -7.54226 -1.00787
50.1217 -7.96231 -1.01943
50.3221 -8.29076 -1.0276
50.5195 -8.61991 -1.03446
50.6892 -8.90677 -1.03964
50.82 -9.13002 -1.04369
50.943 -9.34202 -1.04748
51.032 -9.49657 -1.05019
51.1101 -9.63277 -1.05252
51.1628 -9.72508 -1.05397
51.2057 -9.8005 -1.05509
51.2358 -9.85345 -1.05585
51.2604 -9.89665 -1.05644
51.2768 -9.92541 -1.05674
51.3042 -9.97371 -1.05736
51.3409 -10.0386 -1.05823
51.3809 -10.1094 -1.05922
51.4351 -10.2058 -1.06063
51.4899 -10.3036 -1.06206
51.5407 -10.3946 -1.06333
51.5628 -10.4341 -1.06373
51.5624 -10.433 -1.0635
51.5636 -10.4349 -1.06329
51.5638 -10.435 -1.06304
51.5684 -10.4428 -1.06289
51.5786 -10.4609 -1.06288
51.5928 -10.4861 -1.06294
51.6253 -10.5443 -1.06344
51.6817 -10.6455 -1.06419
51.7807 -10.8239 -1.06494
51.9026 -11.0435 -1.06341
52.0785 -11.3572 -1.05559
52.2667 -11.6862 -1.04639
52.5158 -12.1122 -1.03728
52.8051 -12.5983 -1.03189
53.0864 -13.069 -1.03443
53.4224 -13.6408 -1.0489
53.7248 -14.1791 -1.07608
54.0399 -14.7938 -1.1292
54.2812 -15.3427 -1.19612
54.4979 -15.9612 -1.28468
54.6372 -16.5058 -1.36929
54.7333 -17.1113 -1.47328
54.7612 -17.7024 -1.59223
54.7263 -18.2006 -1.70773
54.6206 -18.7388 -1.83893
54.4722 -19.1912 -1.95337
54.2514 -19.6639 -2.0788
54.0127 -20.0492 -2.18852
53.7134 -20.4284 -2.30548
53.4374 -20.7102 -2.40153
53.13 -20.9682 -2.498
52.8651 -21.1542 -2.57307
52.5743 -21.3268 -2.65033
52.2818 -21.4715 -2.72544
52.0196 -21.5788 -2.79181
51.722 -21.6768 -2.86595
51.4566 -21.7441 -2.93173
51.1556 -21.7984 -3.00487
50.8878 -21.8279 -3.06947
50.5831 -21.8406 -3.13999
50.3003 -21.8335 3.08039
49.9586 -21.8019 3.00936
49.6262 -21.7485 2.94705
49.2176 -21.6556 2.882
48.7729 -21.5251 2.82474
48.352 -21.3786 2.78476
47.8503 -21.1837 2.75423
47.3833 -20.9878 2.73196
46.8389 -20.7467 2.71497
46.3386 -20.5167 2.70488
45.7705 -20.2497 2.69819
45.267 -20.0096 2.69382
44.7051 -19.7391 2.69094
44.2046 -19.4966 2.68916
43.6423 -19.2232 2.68812
43.1442 -18.9808 2.68867
42.5811 -18.7073 2.69003
42.0181 -18.435 2.69206
41.515 -18.1931 2.69456
40.948 -17.9225 2.69796
40.4428 -17.6833 2.70089
39.87 -17.4144 2.70432
39.3485 -17.1715 2.70748
38.7441 -16.8927 2.71132
38.1898 -16.6393 2.71477
37.5414 -16.346 2.71907
36.8695 -16.0456 2.72367
36.2529 -15.7732 2.72788
35.5393 -15.4618 2.73287
34.8888 -15.1816 2.73753
34.138 -14.8626 2.74295
33.4553 -14.5766 2.74762
32.6671 -14.2509 2.75274
31.9573 -13.9613 2.75661
31.1374 -13.6307 2.76074
30.3958 -13.3349 2.76446
29.5459 -12.9999 2.76852
28.7746 -12.6991 2.77215
27.8978 -12.3609 2.77524
27.0123 -12.0212 2.77602
26.2278 -11.7208 2.77643
25.3503 -11.3846 2.77498
24.581 -11.0873 2.77082
23.7199 -10.7501 2.76599
22.9665 -10.451 2.76152
22.1274 -10.113 2.75615
21.389 -9.81128 2.75167
20.569 -9.47199 2.74766
19.8428 -9.16933 2.74753
19.0332 -8.83358 2.75112
18.2278 -8.50334 2.75541
17.5097 -8.21245 2.75958
16.6926 -7.88561 2.76427
15.9588 -7.59586 2.76844
15.1293 -7.27247 2.77293
14.3815 -6.98462 2.77702
13.5327 -6.66191 2.78087
12.7749 -6.37596 2.7815
11.9181 -6.05239 2.78061
11.1575 -5.76422 2.77908
10.3053 -5.43919 2.77622
9.45671 -5.11287 2.77415
8.7046 -4.82271 2.77396
7.86074 -4.49709 2.77411
7.11477 -4.20955 2.77483
6.27606 -3.88797 2.77828
5.52871 -3.60502 2.78298
4.68809 -3.29151 2.78814
3.93738 -3.01586 2.79346
3.08755 -2.71011 2.80182
2.33284 -2.44609 2.81078
1.4813 -2.15763 2.82227
0.629583 -1.88119 2.8368
-0.127536 -1.64779 2.85187
-0.977312 -1.40166 2.8718
-1.73098 -1.19973 2.8919
-2.57612 -0.992683 2.91478
-3.32201 -0.826929 2.93507
-4.16443 -0.658735 2.95845
-4.90109 -0.529358 2.98231
-5.72091 -0.408569 3.01448
-6.43729 -0.326889 3.04847
-7.22417 -0.267761 3.0923
-8.00211 -0.245231 3.14076
-8.68536 -0.257725 -3.09617
-9.43822 -0.309266 -3.04238
-10.0946 -0.387967 -2.99425
-10.8149 -0.512123 -2.93926
-11.4418 -0.654621 -2.88864
-12.1391 -0.853356 -2.83114
-12.7467 -1.0628 -2.78024
-13.4106 -1.33148 -2.72746
-13.9936 -1.60008 -2.6869
-14.6346 -1.92574 -2.65336
-15.2626 -2.26609 -2.63583
-15.8149 -2.5728 -2.63362
-16.4317 -2.91333 -2.64136
-16.9813 -3.2099 -2.65252
-17.6021 -3.53504 -2.66596
-18.1491 -3.81254 -2.67896
-18.7662 -4.11417 -2.69589
-19.3206 -4.37364 -2.71312
-19.9537 -4.65494 -2.73527
-20.5288 -4.89564 -2.75704
-21.1957 -5.15582 -2.78386
-21.8892 -5.40492 -2.81159
-22.5159 -5.61148 -2.83686
-23.2435 -5.82961 -2.86581
-23.8886 -6.00412 -2.89111
-24.6212 -6.18115 -2.92005
-25.268 -6.31896 -2.94542
-25.99 -6.45264 -2.97351
-26.6321 -6.55432 -2.99757
-27.342 -6.64833 -3.02432
-27.9714 -6.71562 -3.04764
-28.674 -6.7737 -3.07156
-29.3729 -6.81614 -3.0908
-30.0013 -6.8436 -3.10578
-30.7068 -6.86332 -3.12236
-31.326 -6.87105 -3.13663
-32.0147 -6.86919 3.13026
-32.6196 -6.85813 3.11535
-33.2892 -6.8353 3.09887
-33.8697 -6.80668 3.08505
-34.5113 -6.7657 3.06992
-35.0668 -6.7225 3.05748
-35.6816 -6.66671 3.04439
-36.2966 -6.60326 3.03301
-36.8534 -6.54021 3.02533
-37.4954 -6.46366 3.02137
-38.0755 -6.39237 3.01744
-38.7456 -6.30683 3.01199
-39.3417 -6.22734 3.00572
-40.0124 -6.13217 2.99435
-40.5922 -6.04275 2.98159
-41.2209 -5.93612 2.96326
-41.765 -5.83259 2.94034
-42.3438 -5.7058 2.90739
-42.8872 -5.56637 2.86855
-43.3451 -5.42971 2.82941
-43.8326 -5.26054 2.77945
-44.2384 -5.09671 2.72939
-44.6747 -4.89198 2.67137
-45.0511 -4.69093 2.62639
-45.4602 -4.4469 2.5752
-45.8117 -4.21241 2.52506
-46.1906 -3.92854 2.46602
-46.5141 -3.65664 2.41315
-46.8627 -3.32832 2.35318
-47.1933 -2.97729 2.29286
-47.4694 -2.6483 2.23916
-47.756 -2.26449 2.17927
-47.9907 -1.9103 2.12635
-48.2321 -1.4971 2.06672
-48.4266 -1.11647 2.01378
-48.6239 -0.669976 1.95444
-48.7794 -0.258044 1.9041
-48.9318 0.217309 1.85398
-49.0479 0.643925 1.81574
-49.1645 1.14787 1.77837
-49.2663 1.67018 1.74563
-49.3432 2.13858 1.71901
-49.417 2.68089 1.69064
-49.4711 3.17632 1.66667
-49.52 3.74992 1.64382
-49.5539 4.2724 1.6264
-49.5827 4.88162 1.60834
-49.5995 5.43637 1.59268
-49.6082 6.06779 1.57512
-49.6068 6.64588 1.56061
-49.5957 7.31178 1.54756
-49.5767 7.9753 1.53616
-49.5533 8.56967 1.52613
-49.5198 9.25102 1.51814
-49.4874 9.8544 1.51724
-49.4501 10.5387 1.51527
-49.4148 11.1567 1.51247
-49.3726 11.8514 1.50703
-49.3304 12.4713 1.49739
-49.2742 13.176 1.48439
-49.2174 13.7928 1.47227
-49.1448 14.4799 1.4582
-49.0641 15.1615 1.44792
-48.9878 15.7654 1.44242
-48.8975 16.4502 1.43728
-48.8142 17.06 1.43286
-48.7177 17.7426 1.42793
-48.6293 18.3496 1.42534
-48.5292 19.0333 1.42706
-48.4431 19.6366 1.43297
-48.3532 20.3059 1.44449
-48.2809 20.9007 1.45771
-48.21 21.5651 1.47362
-48.1502 22.2242 1.48943
-48.1062 22.8057 1.50361
-48.0664 23.4646 1.51983
-48.0401 24.0503 1.53431
-48.0206 24.7097 1.55061
-48.0123 25.3016 1.5654
-48.0134 25.9698 1.58192
-48.0238 26.5717 1.59691
-48.0464 27.2502 1.61379
-48.076 27.8498 1.62867
-48.1198 28.5244 1.64506
-48.174 29.1941 1.65987
-48.2287 29.7809 1.66866
-48.2941 30.4314 1.67402
-48.3538 30.9997 1.67807
-48.4211 31.6161 1.68242
-48.4813 32.1466 1.68644
-48.5515 32.7419 1.69095
-48.6156 33.2665 1.69501
-48.6894 33.8494 1.69942
-48.757 34.3669 1.7032
-48.8349 34.9471 1.70619
-48.9141 35.5255 1.70829
-48.9863 36.045 1.7103
-49.0701 36.6399 1.71211
-49.146 37.1731 1.71255
-49.2321 37.781 1.71086
-49.3085 38.3279 1.70851
-49.3932 38.9477 1.70465
-49.4674 39.5083 1.70022
-49.5481 40.1419 1.69488
-49.6175 40.7098 1.69013
-49.6934 41.3578 1.68459
-49.7658 42.0077 1.67906
-49.8279 42.5927 1.67429
-49.8957 43.2639 1.66871
-49.9535 43.8681 1.66375
-50.0159 44.5594 1.65796
-50.0689 45.1846 1.65267
-50.1248 45.8964 1.64581
-50.1712 46.5394 1.63978
-50.2197 47.2749 1.63345
-50.2589 47.9298 1.62758
-50.2976 48.6558 1.62029
-50.3297 49.3605 1.61198
-50.3523 49.9742 1.60215
-50.3693 50.6575 1.58827
-50.3766 51.2582 1.57699
-50.3767 51.9392 1.56438
-50.3696 52.5372 1.5522
-50.3526 53.2039 1.53791
-50.3298 53.7944 1.52549
-50.2954 54.4541 1.51132
-50.2574 55.0383 1.4994
-50.2069 55.6884 1.48698
-50.1493 56.3342 1.47684
-50.0929 56.9128 1.47055
-50.0262 57.5552 1.46428
-49.9629 58.1321 1.45878
-49.8872 58.7865 1.45255
-49.8156 59.3754 1.44705
-49.7297 60.0477 1.44045
-49.6499 60.6427 1.4344
-49.5551 61.3165 1.42741
-49.4671 61.9126 1.42117
-49.3624 62.5909 1.41408
-49.2538 63.2623 1.40668
-49.1532 63.8575 1.39977
-49.0361 64.521 1.3924
-48.9276 65.1122 1.38606
-48.8017 65.7728 1.37893
-48.6875 66.3513 1.37246
-48.5542 67.0025 1.36556
-48.432 67.5816 1.36005
-48.2901 68.2346 1.35379
-48.16 68.817 1.34831
-48.0107 69.468 1.34296
-47.8574 70.1237 1.33969
-47.7182 70.7098 1.3358
-47.5587 71.3689 1.3309
-47.4138 71.9555 1.32674
-47.2467 72.6195 1.32222
-47.0967 73.2051 1.31787
-46.9229 73.8701 1.31274
-46.7662 74.4582 1.30803
-46.5854 75.1222 1.30203
-46.4163 75.7297 1.29701
-46.219 76.4245 1.29125
-46.0116 77.1387 1.28512
-45.8191 77.7873 1.27955
-45.5966 78.5211 1.27329
-45.3922 79.1811 1.26778
-45.1608 79.9128 1.26115
-44.9515 80.5596 1.25461
-44.711 81.2857 1.24723
-44.4934 81.9279 1.24108
-44.2433 82.651 1.23521
-44.0171 83.295 1.23105
-43.7597 84.0179 1.22692
-43.4983 84.744 1.22459
-43.2641 85.3916 1.2239
-43.0008 86.1185 1.22336
-42.7681 86.76 1.22293
-42.5091 87.4724 1.22199
-42.2814 88.0969 1.221
-42.0268 88.7924 1.21923
-41.801 89.4045 1.21562
-41.5443 90.0897 1.20863
-41.3134 90.6918 1.20025
-41.0469 91.3675 1.18954
-40.773 92.0393 1.17703
-40.5211 92.6362 1.16541
-40.2301 93.3026 1.15229
-39.9629 93.8948 1.14111
-39.6571 94.5529 1.13039
-39.3818 95.1305 1.12161
-39.0666 95.7771 1.11299
-38.7839 96.3463 1.10692
-38.4645 96.9798 1.10079
-38.1783 97.5398 1.09632
-37.8557 98.164 1.09165
-37.5297 98.7881 1.08745
-37.2329 99.3508 1.08399
-36.8903 99.995 1.08031
-36.5774 100.578 1.07707
-36.216 101.246 1.07321
-35.8896 101.845 1.06981
-35.5112 102.532 1.06616
-35.1698 103.148 1.06318
-34.7774 103.85 1.06002
-34.4232 104.48 1.05765
-34.0192 105.195 1.05489
-33.6041 105.924 1.05222
-33.2294 106.579 1.0508
-32.806 107.317 1.0496
-32.4286 107.973 1.04862
-32.005 108.707 1.04749
-31.6282 109.359 1.04652
-31.1991 110.1 1.04554
-30.817 110.758 1.04488
-30.3832 111.504 1.04375
-29.997 112.166 1.04276
-29.5606 112.913 1.04174
-29.1294 113.649 1.03965
-28.7517 114.289 1.03678
-28.3282 115.003 1.03422
-27.9532 115.632 1.03227
-27.5273 116.342 1.02986
-27.147 116.973 1.02771
-26.711 117.693 1.02506
-26.3142 118.344 1.02251
-25.8551 119.093 1.01956
-25.4361 119.773 1.017
-24.9581 120.543 1.01386
-24.5289 121.23 1.01136
-24.0429 122.003 1.00851
-23.5542 122.775 1.00518
-23.1135 123.467 1.00214
-22.6073 124.256 0.998919
-22.1467 124.969 0.996615
-21.6265 125.771 0.994021
-21.1593 126.487 0.992257
-20.6324 127.292 0.991658
-20.1638 128.009 0.992924
-19.6425 128.811 0.997094
-19.1866 129.519 1.00168
-18.6836 130.308 1.00658
-18.1858 131.098 1.01163
-17.7523 131.793 1.01567
-17.2635 132.583 1.01949
-16.8312 133.289 1.02356
-16.338 134.101 1.02787
-15.9018 134.825 1.03026
-15.4145 135.637 1.03057
-14.9838 136.354 1.02982
-14.508 137.141 1.02307
-14.0256 137.924 1.01375
-13.597 138.607 1.00755
-13.1232 139.353 1.00226
-12.7049 140.005 1.00048
-12.2468 140.719 1.00008
-11.8474 141.34 0.999635
-11.4005 142.035 1.0004
-11.0075 142.648 1.00118
-10.5643 143.339 1.00114
-10.1696 143.955 1.00112
-9.72372 144.65 1.0011
-9.32619 145.271 1.00133
-8.87916 145.968 1.00178
-8.43002 146.67 1.00234
-8.03335 147.291 1.00286
-7.58309 147.997 1.0034
-7.18093 148.627 1.00412
-6.72941 149.337 1.00503
-6.32814 149.969 1.00546
-5.87296 150.684 1.00234
-5.46269 151.322 0.995098
-4.98713 152.044 0.979894
-4.55074 152.683 0.959919
-4.0327 153.403 0.931748
-3.48839 154.115 0.90247
-2.98598 154.736 0.876301
-2.40618 155.414 0.847075
-1.87154 156.005 0.821591
-1.24839 156.659 0.795968
-0.680193 157.228 0.7758
-0.0282108 157.856 0.755308
0.557467 158.398 0.738203
1.22627 158.997 0.721621
1.83376 159.527 0.71385
2.52084 160.12 0.711031
3.2036 160.707 0.711761
3.81237 161.233 0.715079
4.4918 161.825 0.718198
5.09406 162.352 0.721122
5.76692 162.945 0.725028
6.35319 163.466 0.729413
7.00372 164.049 0.734977
7.57183 164.566 0.74372
8.19836 165.149 0.758535
8.73701 165.666 0.775297
9.32302 166.251 0.795552
9.89468 166.844 0.815916
10.3848 167.373 0.833655
10.9176 167.97 0.853392
11.3755 168.502 0.870729
11.8727 169.102 0.889617
12.2973 169.633 0.90597
12.7618 170.235 0.922993
13.1595 170.766 0.936336
13.5754 171.337 0.948615
13.9147 171.814 0.958521
14.2613 172.312 0.968676
14.5708 172.766 0.977769
14.8188 173.136 0.984844
15.0832 173.537 0.991939
15.3132 173.89 0.997763
15.5716 174.292 1.00326
15.801 174.653 1.00766
16.0627 175.069 1.01201
16.2998 175.449 1.01564
16.5705 175.887 1.01922
16.8132 176.282 1.02246
17.0888 176.735 1.02585
17.3669 177.194 1.02898
17.6176 177.612 1.03184
17.9004 178.085 1.03429
18.1528 178.51 1.03644
18.4387 178.994 1.03866
18.6947 179.429 1.04077
18.9847 179.924 1.04296
19.2402 180.363 1.04506
19.5197 180.845 1.04723
19.7634 181.268 1.04932
20.0347 181.74 1.0516
20.2993 182.204 1.05389
20.53 182.61 1.05609
20.787 183.065 1.05839
21.012 183.466 1.06048
21.2624 183.913 1.06267
21.4877 184.318 1.0642
21.7413 184.776 1.06568
21.9672 185.184 1.06678
22.2249 185.651 1.06726
22.4563 186.071 1.06735
22.7195 186.549 1.0667
22.9849 187.029 1.06503
23.2253 187.461 1.06236
23.5007 187.953 1.0576
23.7497 188.391 1.05083
24.0394 188.891 1.0397
24.3058 189.339 1.02809
24.614 189.843 1.01365
24.8983 190.293 1.00056
25.2312 190.804 0.985428
25.5374 191.259 0.971911
25.8926 191.772 0.956431
26.2612 192.286 0.941348
26.601 192.747 0.929118
26.9967 193.27 0.915514
27.3561 193.732 0.903227
27.7697 194.249 0.889114
28.1478 194.709 0.876034
28.5824 195.223 0.860796
28.9778 195.677 0.847161
29.4324 196.184 0.830957
29.8459 196.631 0.816227
30.324 197.131 0.798638
30.8176 197.629 0.779339
31.2717 198.07 0.761696
31.7999 198.564 0.740967
32.286 199.001 0.722183
32.8509 199.488 0.700628
33.3707 199.919 0.681064
33.9709 200.395 0.65829
34.5162 200.808 0.638345
35.1431 201.264 0.616679
35.7054 201.655 0.599888
36.344 202.086 0.587462
36.985 202.51 0.583597
37.5491 202.882 0.584914
38.183 203.303 0.589578
38.7432 203.68 0.597012
39.3645 204.106 0.607237
39.9132 204.491 0.617511
40.5201 204.926 0.629763
41.0581 205.322 0.641882
41.6671 205.783 0.65683
42.2021 206.2 0.670391
42.7951 206.676 0.685425
43.3766 207.158 0.700313
43.8831 207.59 0.713489
44.4419 208.079 0.727991
44.9288 208.518 0.740922
45.4747 209.023 0.755357
45.957 209.482 0.768339
46.4916 210.005 0.782822
46.9608 210.477 0.795782
47.4839 211.017 0.810087
47.9393 211.501 0.822763
48.4396 212.046 0.836587
48.9326 212.598 0.84968
49.3616 213.091 0.860658
49.8364 213.648 0.872285
50.2529 214.148 0.882092
50.7132 214.712 0.891565
51.1148 215.212 0.899081
51.5546 215.769 0.907114
51.9313 216.253 0.913177
52.3468 216.793 0.917208
52.7068 217.263 0.918928
53.1023 217.781 0.919187
53.4907 218.289 0.914781
53.83 218.726 0.906568
54.2059 219.201 0.89532
54.5343 219.607 0.884382
54.8998 220.047 0.870812
55.2206 220.423 0.858902
55.5722 220.826 0.845445
55.8776 221.166 0.83333
56.2132 221.53 0.817485
56.5085 221.841 0.801507
56.8398 222.177 0.781845
57.174 222.502 0.759269
57.4696 222.777 0.736033
57.8041 223.072 0.708485
58.1031 223.323 0.684441
58.4427 223.593 0.656243
58.7424 223.818 0.628836
59.0681 224.047 0.596493
59.3409 224.228 0.569145
59.6148 224.398 0.541871
59.8284 224.524 0.520776
60.0365 224.641 0.500445
60.2116 224.735 0.48351
60.3471 224.805 0.470712
60.498 224.88 0.456452
60.6507 224.954 0.442061
60.8474 225.045 0.422916
61.0436 225.131 0.403186
61.2867 225.232 0.37751
61.5259 225.323 0.351866
61.8236 225.428 0.32
62.1138 225.52 0.28902
62.4706 225.619 0.25039
62.8598 225.711 0.207655
63.2336 225.782 0.165623
63.6809 225.846 0.11438
64.091 225.885 0.0675838
64.5497 225.905 0.0149421
64.9432 225.903 -0.030044
65.3689 225.881 -0.0785627
65.7333 225.846 -0.1193
66.1217 225.792 -0.160041
66.4513 225.734 -0.192072
66.8064 225.659 -0.225783
67.1389 225.578 -0.257315
67.413 225.502 -0.281612
67.6908 225.419 -0.305279
67.9134 225.347 -0.324105
68.1387 225.269 -0.343126
68.3159 225.204 -0.358187
68.489 225.138 -0.373061
68.6344 225.08 -0.38559
68.7871 225.017 -0.398837
68.9207 224.96 -0.410421
69.0875 224.887 -0.425051
69.2788 224.798 -0.442643
69.4668 224.707 -0.461291
69.6994 224.589 -0.486941
69.9206 224.468 -0.514442
70.1822 224.315 -0.550792
70.4267 224.159 -0.587969
70.714 223.959 -0.636285
70.9759 223.757 -0.685857
71.274 223.498 -0.750338
71.5354 223.241 -0.814036
71.8208 222.918 -0.890155
72.0926 222.556 -0.971441
72.3081 222.218 -1.04354
72.5114 221.84 -1.12084
72.6578 221.514 -1.18522
72.7878 221.164 -1.25234
72.8777 220.868 -1.30814
72.9548 220.548 -1.3675
73.0051 220.274 -1.4177
73.0442 219.973 -1.47251
73.0651 219.704 -1.52108
73.0729 219.398 -1.57614
73.0638 219.091 -1.63153
73.0409 218.813 -1.6816
72.9982 218.501 -1.73822
72.9458 218.226 -1.78836
72.8704 217.921 -1.84458
72.7884 217.652 -1.89503
72.6787 217.351 -1.95243
72.5675 217.09 -2.00322
72.425 216.801 -2.06089
72.2834 216.549 -2.1127
72.1057 216.271 -2.17189
71.9109 216.002 -2.23131
71.7247 215.773 -2.28399
71.5023 215.529 -2.34237
71.2966 215.327 -2.39313
71.0621 215.12 -2.44738
70.8511 214.951 -2.49113
70.6081 214.773 -2.53571
70.3928 214.629 -2.57152
70.1514 214.48 -2.60713
69.9381 214.357 -2.63488
69.703 214.23 -2.66161
69.4732 214.114 -2.6837
69.2746 214.017 -2.69961
69.0595 213.917 -2.71366
68.8777 213.835 -2.72305
68.6856 213.751 -2.73033
68.5223 213.68 -2.73479
68.3417 213.603 -2.73823
68.1916 213.539 -2.73957
68.0316 213.471 -2.73914
67.8949 213.412 -2.73748
67.7471 213.349 -2.7346
67.6023 213.286 -2.73133
67.4605 213.225 -2.72806
67.2836 213.147 -2.72399
67.113 213.071 -2.72
66.9052 212.977 -2.71514
66.707 212.886 -2.71044
66.4677 212.776 -2.70467
66.2412 212.669 -2.69881
65.9698 212.539 -2.69152
65.7111 212.413 -2.6845
65.4075 212.263 -2.67621
65.0917 212.103 -2.66748
64.7969 211.95 -2.65927
64.452 211.768 -2.64967
64.1328 211.595 -2.64113
63.7563 211.387 -2.63076
63.4029 211.187 -2.61954
63.0122 210.96 -2.61047
62.6605 210.753 -2.60752
62.2673 210.52 -2.60535
61.9213 210.314 -2.60328
61.5528 210.093 -2.60244
61.2326 209.902 -2.60356
60.8716 209.687 -2.60647
60.5286 209.485 -2.61298
60.2161 209.304 -2.62289
59.8628 209.105 -2.63655
59.5412 208.93 -2.64915
59.1696 208.734 -2.66356
58.8258 208.558 -2.6768
58.4284 208.362 -2.69171
58.0642 208.189 -2.70218
57.6463 207.994 -2.70612
57.2218 207.796 -2.70171
56.8446 207.617 -2.69289
56.4185 207.409 -2.67966
56.0356 207.215 -2.66472
55.6025 206.987 -2.64543
55.2167 206.774 -2.62776
54.7802 206.523 -2.60736
54.388 206.287 -2.58805
53.9475 206.009 -2.56635
53.557 205.751 -2.54711
53.1135 205.445 -2.52526
52.6771 205.13 -2.50481
52.2902 204.84 -2.48867
51.8501 204.498 -2.4711
51.4608 204.185 -2.45573
51.0225 203.821 -2.4396
50.6379 203.492 -2.42577
50.2182 203.123 -2.41173
49.8601 202.799 -2.40141
49.4746 202.445 -2.3922
49.1434 202.135 -2.38693
48.7807 201.794 -2.38675
48.4242 201.46 -2.3935
48.1114 201.173 -2.40505
47.7546 200.854 -2.42227
47.4251 200.57 -2.43858
47.0408 200.25 -2.45754
46.6877 199.966 -2.47464
46.2772 199.649 -2.49438
45.8964 199.367 -2.51377
45.4512 199.051 -2.53902
45.0421 198.776 -2.56367
44.5644 198.474 -2.59338
44.0693 198.181 -2.62606
43.6199 197.935 -2.65786
43.1064 197.676 -2.69536
42.6408 197.462 -2.72886
42.1145 197.242 -2.76625
41.6473 197.065 -2.79874
41.1157 196.885 -2.8347
40.6401 196.742 -2.86531
40.0982 196.596 -2.89523
39.6174 196.48 -2.91665
39.0799 196.363 -2.93803
38.5443 196.257 -2.95458
38.0689 196.169 -2.96407
37.5367 196.075 -2.96779
37.0611 195.992 -2.96476
36.5416 195.897 -2.95621
36.0841 195.809 -2.94696
35.5651 195.705 -2.93504
35.1011 195.605 -2.92334
34.575 195.485 -2.90761
34.1072 195.37 -2.88903
33.5838 195.229 -2.86394
33.114 195.09 -2.83842
32.5823 194.915 -2.80679
32.0509 194.722 -2.77302
31.5813 194.534 -2.74231
31.0562 194.303 -2.70758
30.5935 194.081 -2.6763
30.0772 193.812 -2.641
29.6187 193.553 -2.6089
29.1095 193.242 -2.57268
28.6587 192.945 -2.53965
28.1656 192.594 -2.50284
27.7424 192.271 -2.47025
27.2854 191.896 -2.43425
26.8545 191.516 -2.39938
26.4819 191.166 -2.36831
26.0691 190.75 -2.33355
25.7038 190.358 -2.30365
25.2981 189.895 -2.27298
24.9371 189.459 -2.2462
24.5318 188.94 -2.2172
24.1745 188.456 -2.19177
23.776 187.884 -2.16352
23.4265 187.354 -2.14017
23.0398 186.736 -2.11809
22.6539 186.092 -2.10021
22.3128 185.502 -2.08839
21.9352 184.833 -2.08012
21.5981 184.228 -2.07727
21.2185 183.545 -2.07728
20.8799 182.936 -2.08002
20.4958 182.253 -2.08532
20.1506 181.647 -2.09145
19.7542 180.961 -2.09903
19.4006 180.361 -2.10642
18.9977 179.689 -2.11575
18.5924 179.027 -2.12551
18.2297 178.448 -2.13447
17.8202 177.807 -2.14457
17.4519 177.242 -2.15331
17.0375 176.62 -2.16317
16.6679 176.076 -2.17185
16.2538 175.478 -2.18146
15.8877 174.959 -2.18953
15.4742 174.384 -2.19773
15.1074 173.881 -2.20365
14.698 173.326 -2.20867
14.2873 172.774 -2.21084
13.9225 172.284 -2.20995
13.5194 171.741 -2.20731
13.1653 171.261 -2.20451
12.7742 170.728 -2.20161
12.4264 170.251 -2.19871
12.0351 169.711 -2.19534
11.6917 169.234 -2.1925
11.3005 168.686 -2.18893
10.9577 168.203 -2.18619
10.5741 167.66 -2.18445
10.1838 167.106 -2.18299
9.84375 166.622 -2.18237
9.46338 166.08 -2.18152
9.12499 165.596 -2.18013
8.74553 165.052 -2.17883
8.41159 164.573 -2.17765
8.04104 164.039 -2.17624
7.71524 163.568 -2.17457
7.35694 163.048 -2.17289
7.04477 162.594 -2.17139
6.69479 162.082 -2.16969
6.34884 161.575 -2.16834
6.04475 161.128 -2.16762
5.70527 160.629 -2.16715
5.40517 160.187 -2.16701
5.06591 159.688 -2.16827
4.76329 159.246 -2.17408
4.41671 158.749 -2.18633
4.10388 158.312 -2.19862
3.74831 157.829 -2.21246
3.42872 157.405 -2.22166
3.06662 156.931 -2.22244
2.71178 156.465 -2.21717
2.40217 156.052 -2.20993
2.05921 155.586 -2.19825
1.76038 155.169 -2.1832
1.43367 154.696 -2.16291
1.1534 154.272 -2.14427
0.846082 153.787 -2.12116
0.582263 153.348 -2.09897
0.3 152.852 -2.07402
0.0604629 152.407 -2.05076
-0.19371 151.905 -2.02451
-0.434232 151.397 -1.9982
-0.634793 150.945 -1.9744
-0.839151 150.452 -1.94878
-1.00471 150.023 -1.92677
-1.17502 149.551 -1.90393
-1.31353 149.14 -1.88431
-1.45655 148.686 -1.86463
-1.57826 148.275 -1.85144
-1.71307 147.801 -1.84383
-1.837 147.358 -1.84232
-1.9813 146.843 -1.8463
-2.1343 146.312 -1.85764
-2.28231 145.822 -1.87327
-2.46287 145.264 -1.89635
-2.63631 144.768 -1.91996
-2.84927 144.206 -1.94815
-3.05595 143.701 -1.97368
-3.3079 143.132 -2.00294
-3.54836 142.626 -2.02923
-3.83687 142.061 -2.05922
-4.11006 141.562 -2.08582
-4.43499 141.006 -2.11609
-4.78135 140.453 -2.1463
-5.106 139.965 -2.17275
-5.48989 139.422 -2.20207
-5.8507 138.941 -2.22724
-6.26399 138.418 -2.25455
-6.64338 137.962 -2.27737
-7.09035 137.45 -2.29967
-7.48486 137.015 -2.31811
-7.94639 136.527 -2.33957
-8.36545 136.101 -2.35741
-8.83717 135.639 -2.37717
-9.32546 135.18 -2.397
-9.76472 134.781 -2.41369
-10.2588 134.348 -2.42959
-10.7019 133.969 -2.43918
-11.1988 133.552 -2.44585
-11.6337 133.19 -2.45017
-12.1179 132.791 -2.45502
-12.542 132.445 -2.45904
-13.0162 132.062 -2.46333
-13.4372 131.724 -2.467
-13.909 131.348 -2.47121
-14.3832 130.974 -2.47452
-14.8046 130.643 -2.47624
-15.2777 130.273 -2.47834
-15.7017 129.942 -2.47985
-16.1924 129.56 -2.4787
-16.642 129.209 -2.47546
-17.1627 128.798 -2.47163
-17.6255 128.431 -2.46767
-18.1488 128.011 -2.46296
-18.619 127.631 -2.4576
-19.1359 127.207 -2.45159
-19.636 126.792 -2.4444
-20.0633 126.432 -2.43695
-20.5271 126.036 -2.42833
-20.9263 125.688 -2.41905
-21.3588 125.303 -2.40806
-21.7377 124.959 -2.39783
-22.1548 124.571 -2.3864
-22.5191 124.226 -2.37623
-22.9216 123.835 -2.36493
-23.2767 123.484 -2.35469
-23.6728 123.083 -2.34353
-24.0634 122.678 -2.33229
-24.406 122.316 -2.32227
-24.7821 121.91 -2.31139
-25.1082 121.55 -2.30186
-25.4683 121.145 -2.29144
-25.7835 120.784 -2.28223
-26.133 120.375 -2.27204
-26.4389 120.01 -2.26294
-26.7813 119.594 -2.25349
-27.0851 119.218 -2.24721
-27.4259 118.793 -2.24484
-27.7688 118.364 -2.24699
-28.0752 117.984 -2.25045
-28.4221 117.556 -2.25457
-28.7255 117.186 -2.25805
-29.0508 116.791 -2.26162
-29.3133 116.474 -2.26419
-29.5697 116.167 -2.26669
-29.7677 115.93 -2.26814
-29.9577 115.704 -2.26929
-30.0995 115.535 -2.26999
-30.2319 115.378 -2.27057
-30.3407 115.249 -2.27087
-30.4183 115.157 -2.27075
-30.488 115.074 -2.27057
-30.5387 115.014 -2.2702
-30.5932 114.949 -2.26986
-30.6407 114.893 -2.2695
-30.6929 114.831 -2.2692
-30.7401 114.774 -2.26885
-30.7961 114.708 -2.26859
-30.8476 114.646 -2.26829
-30.9061 114.576 -2.26806
-30.9672 114.504 -2.26779
-31.0254 114.434 -2.26744
-31.095 114.351 -2.26706
-31.1615 114.271 -2.26653
-31.2458 114.17 -2.2658
-31.3304 114.069 -2.26483
-31.4373 113.941 -2.26336
-31.5457 113.81 -2.2613
-31.6846 113.641 -2.25803
-31.8213 113.474 -2.25387
-31.9898 113.266 -2.24782
-32.1699 113.041 -2.24044
-32.3412 112.823 -2.23247
-32.5419 112.563 -2.22231
-32.7291 112.316 -2.21216
-32.9498 112.017 -2.19937
-33.1549 111.732 -2.18652
-33.3958 111.387 -2.17082
-33.6165 111.06 -2.15573
-33.8696 110.671 -2.13767
-34.0977 110.307 -2.12073
-34.3573 109.876 -2.10104
-34.6195 109.42 -2.08063
-34.8541 108.992 -2.06191
-35.1176 108.489 -2.04065
-35.35 108.022 -2.02157
-35.6077 107.477 -2.00076
-35.8344 106.973 -1.98309
-36.0839 106.391 -1.96642
-36.3036 105.858 -1.9564
-36.5511 105.244 -1.9498
-36.7705 104.691 -1.94575
-37.0179 104.06 -1.94353
-37.2708 103.414 -1.94353
-37.4977 102.836 -1.94534
-37.7617 102.167 -1.94732
-38.0008 101.564 -1.94887
-38.2755 100.875 -1.95094
-38.5264 100.25 -1.9524
-38.8142 99.5346 -1.95371
-39.074 98.8914 -1.95478
-39.3678 98.1663 -1.95606
-39.6289 97.5237 -1.95649
-39.9202 96.8077 -1.95702
-40.2076 96.1023 -1.95747
-40.4577 95.4885 -1.95697
-40.7343 94.8078 -1.95538
-40.9742 94.2141 -1.95273
-41.2364 93.5592 -1.94928
-41.4684 92.9735 -1.94476
-41.729 92.3046 -1.93798
-41.9589 91.7021 -1.93124
-42.2154 91.0162 -1.92437
-42.4436 90.3931 -1.9177
-42.697 89.6846 -1.90901
-42.9454 88.9714 -1.9012
-43.161 88.3375 -1.89448
-43.3969 87.6275 -1.88686
-43.6017 86.9957 -1.88015
-43.824 86.2937 -1.87315
-44.0164 85.6717 -1.86679
-44.2292 84.9672 -1.8597
-44.413 84.3438 -1.85414
-44.6171 83.6384 -1.84979
-44.7965 83.0098 -1.84648
-44.9949 82.3059 -1.84354
-45.1924 81.5984 -1.84163
-45.3662 80.972 -1.84047
-45.5622 80.263 -1.83974
-45.7352 79.6361 -1.83956
-45.9294 78.9338 -1.84143
-46.1011 78.3181 -1.84354
-46.2946 77.6306 -1.84625
-46.4674 77.0227 -1.84878
-46.664 76.3382 -1.85166
-46.8408 75.7288 -1.85414
-47.042 75.0417 -1.8566
-47.245 74.3544 -1.85882
-47.4263 73.7449 -1.86036
-47.631 73.0607 -1.86206
-47.8148 72.45 -1.86322
-48.0241 71.7563 -1.86358
-48.2055 71.1543 -1.86225
-48.411 70.4683 -1.86012
-48.5921 69.8564 -1.85483
-48.7886 69.1729 -1.84368
-48.9556 68.564 -1.83046
-49.1306 67.8869 -1.81419
-49.2932 67.2106 -1.79629
-49.4262 66.612 -1.77969
-49.5618 65.9471 -1.76156
-49.6713 65.3591 -1.74543
-49.7817 64.7042 -1.72734
-49.869 64.1268 -1.71168
-49.9563 63.478 -1.69514
-50.0252 62.8983 -1.68036
-50.0927 62.2448 -1.66472
-50.1456 61.6456 -1.65055
-50.1943 60.9811 -1.63498
-50.2297 60.3781 -1.62143
-50.2597 59.7027 -1.60664
-50.28 59.0316 -1.59391
-50.292 58.4314 -1.58659
-50.3014 57.7565 -1.58233
-50.3083 57.1589 -1.58174
-50.3165 56.4903 -1.5845
-50.3258 55.9017 -1.58862
-50.3394 55.246 -1.5945
-50.3549 54.6664 -1.60052
-50.3766 54.0213 -1.60901
-50.4007 53.4599 -1.61911
-50.4356 52.8206 -1.63263
-50.4791 52.1891 -1.64785
-50.5261 51.6277 -1.66188
-50.5894 50.989 -1.67837
-50.6526 50.4383 -1.69269
-50.7335 49.8164 -1.70847
-50.8119 49.2753 -1.72163
-50.908 48.6709 -1.73593
-50.9989 48.1433 -1.7473
-51.1034 47.5737 -1.75682
-51.1973 47.0824 -1.76188
-51.303 46.5391 -1.76226
-51.4057 46.005 -1.75783
-51.4944 45.5322 -1.75301
-51.591 44.9996 -1.7456
-51.6732 44.5244 -1.7365
-51.7603 43.9894 -1.72546
-51.8332 43.508 -1.71488
-51.909 42.9666 -1.7029
-51.968 42.5089 -1.6928
-52.0225 42.0482 -1.68256
-52.0606 41.6984 -1.67457
-52.0937 41.3713 -1.66706
-52.1184 41.1093 -1.66098
-52.1332 40.943 -1.65682
-52.1428 40.8301 -1.65375
-52.1457 40.7944 -1.65224
-52.1454 40.7982 -1.65153
-52.1457 40.7951 -1.65069
-52.1457 40.7954 -1.64991
-52.1458 40.7937 -1.64909
-52.1468 40.7812 -1.64815
-52.149 40.752 -1.64732
-52.1518 40.7162 -1.64688
-52.1555 40.6672 -1.64715
-52.1595 40.6157 -1.64796
-52.1652 40.5434 -1.64981
-52.1724 40.4542 -1.6527
-52.184 40.3177 -1.65802
-52.1997 40.1447 -1.66492
-52.218 39.9578 -1.67209
-52.2443 39.7106 -1.68112
-52.2721 39.4685 -1.68938
-52.3077 39.1804 -1.69868
-52.3432 38.9125 -1.70698
-52.3878 38.5982 -1.71675
-52.4333 38.2978 -1.72573
-52.493 37.9281 -1.73635
-52.5546 37.5697 -1.74573
-52.6342 37.1322 -1.75621
-52.7247 36.6631 -1.76663
-52.8145 36.22 -1.77518
-52.9261 35.6938 -1.78437
-53.0343 35.2042 -1.79232
-53.1647 34.6359 -1.80052
-53.2884 34.1144 -1.80644
-53.4357 33.5073 -1.81048
-53.5715 32.9532 -1.81054
-53.7261 32.3187 -1.80775
-53.8641 31.7441 -1.80373
-54.0176 31.0914 -1.7983
-54.1695 30.4269 -1.79102
-54.3009 29.8321 -1.78398
-54.4436 29.1629 -1.77601
-54.5664 28.5626 -1.76746
-54.6949 27.9049 -1.75863
-54.8022 27.3325 -1.75236
-54.9173 26.6977 -1.74662
-55.0151 26.1401 -1.74099
-55.1194 25.5248 -1.73502
-55.2081 24.9826 -1.72998
-55.3048 24.3723 -1.72438
-55.3953 23.7791 -1.71895
-55.4722 23.2576 -1.71408
-55.5531 22.6886 -1.70885
-55.6215 22.19 -1.70419
-55.6935 21.6463 -1.69989
-55.7548 21.1689 -1.69617
-55.8209 20.6387 -1.69226
-55.8765 20.1784 -1.68922
-55.9364 19.6696 -1.68568
-55.9878 19.22 -1.6823
-56.043 18.7204 -1.67852
-56.0961 18.2228 -1.67449
-56.1413 17.7823 -1.6709
-56.1909 17.2814 -1.66692
-56.2331 16.8371 -1.66263
-56.2773 16.3457 -1.6575
-56.3149 15.9047 -1.65288
-56.3555 15.398 -1.64763
-56.3896 14.9436 -1.64274
-56.4253 14.4347 -1.63742
-56.4548 13.9792 -1.63221
-56.4851 13.4641 -1.62514
-56.5111 12.9484 -1.61492
-56.5291 12.4894 -1.60255
-56.5417 11.977 -1.58501
-56.5447 11.5252 -1.56634
-56.5375 11.0231 -1.54308
-56.5212 10.5821 -1.52143
-56.4918 10.0927 -1.49686
-56.4554 9.65749 -1.47416
-56.4029 9.17275 -1.44809
-56.3451 8.74027 -1.42394
-56.266 8.24749 -1.39576
-56.1742 7.76305 -1.36707
-56.0835 7.34693 -1.34183
-55.9727 6.89659 -1.31325
-55.8679 6.51519 -1.28819
-55.7379 6.08719 -1.25992
-55.6094 5.70185 -1.23387
-55.4518 5.27042 -1.20269
-55.2978 4.88607 -1.1714
-55.1088 4.45871 -1.13178
-54.9229 4.07919 -1.09256
-54.6918 3.65545 -1.04381
-54.4311 3.2309 -0.988713
-54.175 2.86019 -0.936578
-53.868 2.46424 -0.878967
-53.5752 2.12622 -0.82798
-53.2314 1.76974 -0.772144
-52.932 1.4895 -0.725848
-52.5949 1.20336 -0.674979
-52.2971 0.974386 -0.629314
-51.9643 0.743153 -0.578312
-51.66 0.553013 -0.531982
-51.3002 0.35237 -0.478683
-50.9332 0.172547 -0.425827
-50.6008 0.0297416 -0.378898
-50.2124 -0.114462 -0.325214
-49.8577 -0.22594 -0.277005
-49.4423 -0.33326 -0.221562
-49.0663 -0.409585 -0.171827
-48.6331 -0.474008 -0.116834
-48.2488 -0.51152 -0.0717873
-47.7899 -0.534614 -0.0229753
-47.3681 -0.536782 0.0182885
-46.8723 -0.518228 0.0614838
-46.353 -0.477252 0.100332
-45.8705 -0.422085 0.131697
-45.3105 -0.340333 0.161489
-44.792 -0.250789 0.183877
-44.1864 -0.132458 0.204417
-43.6358 -0.0156469 0.214632
-43.0042 0.122431 0.215553
-42.4279 0.24661 0.208205
-41.7543 0.384615 0.196336
-41.1448 0.50294 0.187446
-40.45 0.630929 0.177048
-39.7401 0.753974 0.166264
-39.1044 0.857252 0.155513
-38.378 0.966019 0.141176
-37.7145 1.05585 0.127569
-36.9581 1.14693 0.111489
-36.2778 1.21825 0.0969025
-35.49 1.28836 0.0801555
-34.7846 1.34 0.0655437
-33.9743 1.38659 0.0488674
-33.24 1.4175 0.0349982
-32.4073 1.44046 0.0197343
-31.561 1.45081 0.00463592
-30.7988 1.44999 -0.00650247
-29.9354 1.43923 -0.018593
-29.1702 1.42091 -0.0293764
-28.3236 1.39106 -0.0410215
-27.5767 1.35685 -0.0503771
-26.7604 1.31129 -0.061365
-26.0424 1.26351 -0.0715456
-25.2586 1.20319 -0.0817589
-24.5755 1.14447 -0.0892707
-23.8212 1.07403 -0.0962101
-23.0807 1.00032 -0.101343
-22.4251 0.932474 -0.103535
-21.6904 0.85542 -0.104271
-21.0387 0.786883 -0.103675
-20.3012 0.710239 -0.101907
-19.6424 0.643033 -0.0998689
-18.8967 0.56867 -0.0973499
-18.222 0.503248 -0.0940123
-17.4572 0.432218 -0.0893625
-16.7743 0.371911 -0.0849181
-15.9996 0.307112 -0.0801541
-15.2165 0.24543 -0.0751949
-14.5186 0.193805 -0.0706121
-13.7323 0.139342 -0.0659286
-13.0356 0.0941935 -0.0616654
-12.2499 0.0467866 -0.0570623
-11.5574 0.00806008 -0.0529498
-10.7813 -0.0320896 -0.0486488
-10.096 -0.064523 -0.0440283
-9.33461 -0.0969164 -0.0393301
-8.66181 -0.12263 -0.0352869
-7.8956 -0.148743 -0.0310619
-7.1256 -0.171791 -0.0271822
-6.43182 -0.190039 -0.0237927
-5.64505 -0.207964 -0.0201119
-4.94369 -0.221457 -0.0166703
-4.14932 -0.233825 -0.0128809
-3.43872 -0.242422 -0.00974336
-2.62944 -0.249494 -0.00596553
-1.90593 -0.253042 -0.00214655
-1.07962 -0.253771 0.00192572
-0.339621 -0.251532 0.00595501
0.500393 -0.245209 0.0111664
1.3521 -0.234087 0.0168869
2.11357 -0.21993 0.022056
2.97283 -0.199442 0.0275206
3.74592 -0.176889 0.0325681
4.62375 -0.146677 0.0380937
5.4219 -0.114892 0.04334
6.33494 -0.0735317 0.0489766
7.15955 -0.0317692 0.0539214
8.10967 0.0212024 0.0590461
8.96114 0.0725636 0.0629286
9.93712 0.135155 0.066429
10.9178 0.200219 0.0665843
11.7994 0.258153 0.0657126
12.7935 0.322572 0.0644332
13.6726 0.377954 0.0619558
14.6582 0.437097 0.058831
15.5357 0.487402 0.056436
16.5143 0.54078 0.0534104
17.3721 0.585369 0.0513623
18.3119 0.632116 0.0488491
19.1226 0.67071 0.0473416
19.9968 0.711096 0.0462513
20.8283 0.748935 0.04604
21.5335 0.781101 0.0462607
22.2912 0.816006 0.0474219
22.9326 0.846617 0.0493511
23.6286 0.881129 0.0511062
24.2183 0.911379 0.0528422
24.8636 0.945881 0.0559077
25.4403 0.978738 0.0594466
26.0947 1.018 0.0617177
26.6901 1.05485 0.0633467
27.3755 1.09843 0.0649978
28.0678 1.14344 0.0660332
28.6908 1.18439 0.0664702
29.401 1.23142 0.0669961
30.0368 1.27387 0.0673813
30.7536 1.32187 0.0675809
31.4009 1.36551 0.0681897
32.1418 1.41598 0.0689522
32.8127 1.46218 0.0695059
33.5816 1.51534 0.0696876
34.2783 1.56374 0.070084
35.0735 1.61931 0.0706014
35.8786 1.6761 0.0713543
36.5967 1.72732 0.0720925
37.4095 1.78583 0.0725765
38.1345 1.83849 0.0734667
38.9537 1.89885 0.0748086
39.6837 1.95366 0.0762056
40.5007 2.01636 0.0783109
41.235 2.07472 0.0817321
42.0545 2.14292 0.0856497
42.7827 2.20648 0.0899644
43.5995 2.28157 0.0949833
44.4176 2.36107 0.100506
45.1421 2.43537 0.105429
45.9614 2.52351 0.110478
46.6865 2.605 0.114864
47.5084 2.7012 0.119847
48.2437 2.79085 0.124467
49.0692 2.89545 0.129194
49.8003 2.99139 0.133311
50.625 3.10319 0.137749
51.3561 3.20545 0.141661
52.1811 3.32417 0.145666
53.0136 3.44743 0.149743
53.7498 3.55932 0.153096
54.5788 3.68811 0.156472
55.3182 3.80552 0.159704
56.1511 3.94064 0.162968
56.8877 4.06208 0.164545
57.7202 4.20046 0.165892
58.4645 4.32543 0.167747
59.3003 4.46719 0.168741
60.0474 4.5945 0.169518
60.8897 4.7388 0.170395
61.7371 4.8846 0.170949
62.4909 5.01468 0.171302
63.3454 5.16243 0.171661
64.1049 5.29404 0.17189
64.9613 5.44251 0.171684
65.7244 5.57463 0.17146
66.5806 5.72276 0.171421
67.3264 5.85176 0.171269
68.1367 5.99166 0.170792
68.8214 6.10966 0.1707
69.5432 6.23424 0.171399
70.2276 6.35314 0.172934
70.7963 6.45292 0.174592
71.3953 6.55913 0.176626
71.8927 6.64846 0.178863
72.4197 6.74442 0.181447
72.8599 6.8258 0.184286
73.3165 6.91166 0.187363
73.7 6.98486 0.18954
74.1091 7.06388 0.191832
74.4576 7.13196 0.193581
74.8379 7.20696 0.195383
75.2175 7.28248 0.197001
75.5553 7.35026 0.198468
75.9312 7.42626 0.199965
76.2557 7.49235 0.201276
76.6032 7.56361 0.202518
76.8957 7.62397 0.203513
77.2097 7.68908 0.204683
77.4837 7.74624 0.205512
77.7918 7.8106 0.204748
78.0748 7.86901 0.199417
78.4101 7.93466 0.182358
78.7236 7.98934 0.157313
79.0852 8.04043 0.114403
79.4524 8.0731 0.0529836
79.7858 8.08165 -0.0129527
80.171 8.06212 -0.10124
80.519 8.01408 -0.18517
80.9191 7.92125 -0.283263
81.2787 7.80122 -0.374065
81.6778 7.62319 -0.478586
82.0242 7.42502 -0.574309
82.3907 7.16266 -0.68231
82.7226 6.86626 -0.78917
82.978 6.58811 -0.880183
83.2269 6.25903 -0.979515
83.414 5.95705 -1.06533
83.5873 5.61161 -1.15866
83.712 5.29696 -1.24052
83.8179 4.94403 -1.32952
83.884 4.63136 -1.407
83.9283 4.28532 -1.49137
83.943 3.97604 -1.5664
83.9308 3.61191 -1.65252
83.8836 3.21895 -1.73755
83.8095 2.85037 -1.81049
83.6866 2.41447 -1.88866
83.54 2.00755 -1.95165
83.3339 1.53169 -2.01306
83.1183 1.10033 -2.06076
82.8399 0.601129 -2.10122
82.5639 0.143179 -2.12739
82.2355 -0.374744 -2.14552
81.9258 -0.848789 -2.15355
81.5626 -1.399 -2.1552
81.2329 -1.89808 -2.15362
80.8542 -2.47596 -2.1479
80.4721 -3.06695 -2.14093
80.1281 -3.60712 -2.13416
79.7424 -4.22279 -2.12626
79.3999 -4.77862 -2.1192
79.0164 -5.41135 -2.11126
78.6788 -5.97788 -2.10453
78.2994 -6.62442 -2.09736
77.965 -7.20302 -2.09151
77.5902 -7.85964 -2.08691
77.215 -8.52308 -2.08337
76.8848 -9.1108 -2.08214
76.5111 -9.77488 -2.08471
76.1754 -10.3673 -2.08763
75.795 -11.0339 -2.09065
75.4511 -11.6327 -2.09378
75.0597 -12.3074 -2.09914
74.7087 -12.9049 -2.10495
74.3125 -13.5688 -2.11357
73.9608 -14.1456 -2.12407
73.5606 -14.7838 -2.13934
73.2041 -15.3325 -2.15691
72.7962 -15.932 -2.18268
72.3779 -16.5115 -2.21266
71.9981 -17.0062 -2.2416
71.5595 -17.5413 -2.2771
71.1599 -17.9957 -2.31126
70.6995 -18.4811 -2.35222
70.2808 -18.8897 -2.38877
69.8006 -19.3229 -2.43046
69.364 -19.6865 -2.46789
68.8659 -20.0689 -2.50964
68.415 -20.3877 -2.54658
67.8994 -20.7227 -2.5881
67.3749 -21.0332 -2.63018
66.8975 -21.2906 -2.66799
66.3487 -21.5586 -2.71058
65.8579 -21.7744 -2.74817
65.2876 -21.9985 -2.78932
64.7695 -22.1797 -2.82447
64.1836 -22.3605 -2.86379
63.6441 -22.5052 -2.89864
63.0304 -22.6465 -2.93477
62.4725 -22.7556 -2.96463
61.8323 -22.8602 -2.99779
61.1829 -22.9443 -3.03068
60.6024 -23.0012 -3.05998
59.9396 -23.0455 -3.09305
59.342 -23.0665 -3.12311
58.6604 -23.0685 3.12586
58.0502 -23.0505 3.09525
57.3478 -23.0066 3.05971
56.7147 -22.9455 3.02781
55.9955 -22.8513 2.99142
55.3425 -22.7428 2.95922
54.6007 -22.5936 2.9244
53.8495 -22.4162 2.89286
53.1826 -22.2387 2.86785
52.4343 -22.0188 2.84234
51.7715 -21.808 2.8238
51.0336 -21.5587 2.80715
50.3822 -21.3279 2.79444
49.6527 -21.0589 2.78177
49.0116 -20.8143 2.7718
48.2893 -20.53 2.76147
47.6462 -20.2707 2.75574
46.9278 -19.9768 2.75114
46.208 -19.679 2.74824
45.5719 -19.4146 2.74815
44.857 -19.1177 2.74857
44.222 -18.8544 2.74925
43.5082 -18.559 2.75025
42.8696 -18.2956 2.75156
42.151 -18.0004 2.75306
41.5105 -17.7385 2.75475
40.786 -17.4437 2.75685
40.1442 -17.1842 2.75896
39.4226 -16.8942 2.76121
38.6989 -16.6053 2.76356
38.0566 -16.3506 2.76587
37.329 -16.0641 2.76848
36.6827 -15.8115 2.77085
35.9546 -15.529 2.77357
35.3073 -15.2799 2.77617
34.5755 -15.0004 2.77872
33.9276 -14.7545 2.77995
33.1925 -14.4761 2.78023
32.5453 -14.2307 2.77847
31.8109 -13.9499 2.77517
31.0798 -13.6676 2.7718
30.428 -13.4136 2.76866
29.6938 -13.1243 2.76464
29.0408 -12.8644 2.76184
28.3066 -12.5697 2.75846
27.6544 -12.3054 2.75557
26.9242 -12.007 2.75256
26.2715 -11.7384 2.75051
25.545 -11.4375 2.74808
24.8994 -11.1684 2.74614
24.1744 -10.8647 2.74459
23.4541 -10.5618 2.7434
22.812 -10.291 2.7426
22.092 -9.98685 2.74237
21.453 -9.71713 2.74303
20.7342 -9.41428 2.74386
20.0942 -9.14564 2.74587
19.3689 -8.84321 2.74855
18.7246 -8.57668 2.7513
18.0006 -8.27953 2.75422
17.3544 -8.01649 2.75701
16.6275 -7.72297 2.75972
15.8998 -7.43094 2.76079
15.2545 -7.1718 2.75858
14.5352 -6.87977 2.75315
13.9075 -6.62062 2.74624
13.217 -6.32789 2.73328
12.6171 -6.06352 2.71797
11.9575 -5.75925 2.69928
11.3903 -5.48524 2.68196
10.7786 -5.17553 2.6627
10.2498 -4.89698 2.65089
9.68523 -4.59294 2.6451
9.16567 -4.3106 2.64305
8.7368 -4.07704 2.64366
8.29581 -3.83801 2.64742
7.94483 -3.64976 2.65212
7.59275 -3.46313 2.65706
7.31237 -3.31615 2.66124
7.04542 -3.17763 2.66532
6.85276 -3.07856 2.6684
6.68508 -2.99296 2.67106
6.57774 -2.93847 2.67263
6.50452 -2.90143 2.67367
6.4782 -2.88817 2.67429
6.48065 -2.88944 2.67466
6.47868 -2.88848 2.67506
6.47936 -2.88885 2.67543
6.47915 -2.88878 2.6758
6.47849 -2.88847 2.67616
6.47827 -2.88839 2.67651
6.4785 -2.88853 2.67686
6.47783 -2.88823 2.67719
6.47761 -2.88814 2.67752
6.47738 -2.88805 2.67784
6.47715 -2.88796 2.67815
6.47692 -2.88787 2.67845
6.47668 -2.88777 2.67875
6.47644 -2.88767 2.67904
6.4762 -2.88757 2.67933
6.47641 -2.88769 2.67961
6.47573 -2.88737 2.67989
6.47549 -2.88727 2.68016
6.47525 -2.88717 2.68042
6.47545 -2.88729 2.68066
6.47476 -2.88696 2.68092
6.47452 -2.88686 2.68117
6.47472 -2.88697 2.68141
6.47448 -2.88686 2.68164
6.47423 -2.88675 2.68187
6.47354 -2.88642 2.68209
6.47329 -2.88631 2.68229
6.47349 -2.88642 2.68249
6.47324 -2.88631 2.68269
6.47256 -2.88597 2.68289
6.47275 -2.88608 2.68308
6.47206 -2.88575 2.68327
6.47182 -2.88564 2.68345
6.47157 -2.88552 2.68363
6.47177 -2.88563 2.6838
6.47153 -2.88551 2.68397
6.47084 -2.88518 2.68414
6.47059 -2.88507 2.68431
6.47079 -2.88517 2.68447
6.47055 -2.88506 2.68464
6.46987 -2.88473 2.6848
6.46963 -2.88461 2.68495
6.46984 -2.88472 2.6851
6.46961 -2.8846 2.68526
6.46893 -2.88427 2.68541
6.4687 -2.88416 2.68556
6.46847 -2.88404 2.68571
6.46868 -2.88415 2.68585
6.46845 -2.88404 2.68599
6.46777 -2.88371 2.68614
6.46755 -2.8836 2.68628
6.46777 -2.88371 2.68642
6.4671 -2.88339 2.68656
6.46732 -2.88349 2.68669
6.46712 -2.88339 2.68683
6.46649 -2.88309 2.68693
6.46629 -2.88299 2.68706
6.46522 -2.88247 2.68716
6.46547 -2.88259 2.68731
6.46483 -2.88228 2.68748
6.46465 -2.88219 2.68762
6.45874 -2.87931 2.68772
6.43952 -2.86993 2.68785
6.40463 -2.85292 2.68819
6.36375 -2.83301 2.68887
6.30833 -2.80609 2.69001
6.25044 -2.77805 2.6915
6.17741 -2.74284 2.69361
6.10422 -2.70775 2.69587
6.01363 -2.66461 2.69872
5.92745 -2.62385 2.70147
5.81969 -2.5733 2.70495
5.70488 -2.51994 2.70868
5.59116 -2.4676 2.71249
5.45054 -2.40361 2.71725
5.32161 -2.34565 2.7216
5.20029 -2.29172 2.72569
5.1374 -2.26402 2.7279
5.12994 -2.26075 2.72832
5.13034 -2.26092 2.72848
5.12982 -2.2607 2.72868
5.12929 -2.26047 2.72888
5.12971 -2.26065 2.72905
5.12921 -2.26044 2.72925
5.11068 -2.25234 2.73004
5.08004 -2.23898 2.73134
5.03236 -2.2183 2.73369
4.9695 -2.19124 2.73696
4.85434 -2.1423 2.74348
4.7058 -2.08048 2.75231
4.47933 -1.98912 2.76566
4.22716 -1.89144 2.78045
3.88606 -1.76598 2.80018
3.4846 -1.62789 2.82308
3.07769 -1.49812 2.84545
2.56664 -1.34868 2.87147
2.07397 -1.21757 2.89426
1.46972 -1.07248 2.92048
0.894112 -0.949187 2.94316
0.210774 -0.818939 2.96509
-0.436475 -0.708593 2.98233
-1.19957 -0.592029 2.99887
-1.91056 -0.493734 3.01092
-2.7367 -0.389885 3.02361
-3.6009 -0.292388 3.03635
-4.39189 -0.212593 3.0469
-5.30646 -0.129634 3.05626
-6.13323 -0.0614358 3.06303
-7.07138 0.0102986 3.06765
-7.89389 0.0707387 3.06866
-8.80905 0.137968 3.06793
-9.59398 0.196291 3.0667
-10.4162 0.258916 3.06418
-11.0845 0.311471 3.06185
-11.756 0.366013 3.05864
-12.3331 0.414979 3.05498
-12.7752 0.453909 3.05221
-13.1874 0.491414 3.0491
-13.4776 0.518667 3.04651
-13.7205 0.542066 3.04432
-13.8667 0.556424 3.04292
-13.9535 0.565048 3.04209
-13.9662 0.566319 3.04199
-13.9634 0.566033 3.04205
-13.9639 0.566086 3.04206
-13.9645 0.566141 3.04207